{"schema":{"fields":[{"name":"index","type":"datetime"},{"name":"Executive Orders ","type":"string"},{"name":"V1","type":"integer"},{"name":"location_name","type":"string"},{"name":"location_id","type":"integer"},{"name":"allbed_mean","type":"number"},{"name":"allbed_lower","type":"number"},{"name":"allbed_upper","type":"number"},{"name":"ICUbed_mean","type":"number"},{"name":"ICUbed_lower","type":"number"},{"name":"ICUbed_upper","type":"number"},{"name":"InvVen_mean","type":"number"},{"name":"InvVen_lower","type":"number"},{"name":"InvVen_upper","type":"number"},{"name":"deaths_mean","type":"number"},{"name":"deaths_lower","type":"integer"},{"name":"deaths_upper","type":"integer"},{"name":"admis_mean","type":"number"},{"name":"admis_lower","type":"number"},{"name":"admis_upper","type":"number"},{"name":"newICU_mean","type":"number"},{"name":"newICU_lower","type":"number"},{"name":"newICU_upper","type":"number"},{"name":"totdea_mean","type":"number"},{"name":"totdea_lower","type":"integer"},{"name":"totdea_upper","type":"integer"},{"name":"bedover_mean","type":"integer"},{"name":"bedover_lower","type":"integer"},{"name":"bedover_upper","type":"integer"},{"name":"icuover_mean","type":"integer"},{"name":"icuover_lower","type":"integer"},{"name":"icuover_upper","type":"integer"},{"name":"deaths","type":"number"},{"name":"cases","type":"number"}],"pandas_version":"0.20.0"},"data":[{"index":"2020-01-06T00:00:00.000Z","Executive Orders ":null,"V1":20680,"location_name":"Oregon","location_id":560,"allbed_mean":0.0,"allbed_lower":0.0,"allbed_upper":0.0,"ICUbed_mean":0.0,"ICUbed_lower":0.0,"ICUbed_upper":0.0,"InvVen_mean":0.0,"InvVen_lower":0.0,"InvVen_upper":0.0,"deaths_mean":0.0,"deaths_lower":0,"deaths_upper":0,"admis_mean":0.0,"admis_lower":0.0,"admis_upper":0.0,"newICU_mean":0.0,"newICU_lower":0.0,"newICU_upper":0.0,"totdea_mean":0.0,"totdea_lower":0,"totdea_upper":0,"bedover_mean":0,"bedover_lower":0,"bedover_upper":0,"icuover_mean":0,"icuover_lower":0,"icuover_upper":0,"deaths":0.0,"cases":0.0},{"index":"2020-01-07T00:00:00.000Z","Executive Orders ":null,"V1":20681,"location_name":"Oregon","location_id":560,"allbed_mean":0.0,"allbed_lower":0.0,"allbed_upper":0.0,"ICUbed_mean":0.0,"ICUbed_lower":0.0,"ICUbed_upper":0.0,"InvVen_mean":0.0,"InvVen_lower":0.0,"InvVen_upper":0.0,"deaths_mean":0.0,"deaths_lower":0,"deaths_upper":0,"admis_mean":0.0,"admis_lower":0.0,"admis_upper":0.0,"newICU_mean":0.0,"newICU_lower":0.0,"newICU_upper":0.0,"totdea_mean":0.0,"totdea_lower":0,"totdea_upper":0,"bedover_mean":0,"bedover_lower":0,"bedover_upper":0,"icuover_mean":0,"icuover_lower":0,"icuover_upper":0,"deaths":0.0,"cases":0.0},{"index":"2020-01-08T00:00:00.000Z","Executive Orders ":null,"V1":20682,"location_name":"Oregon","location_id":560,"allbed_mean":0.0,"allbed_lower":0.0,"allbed_upper":0.0,"ICUbed_mean":0.0,"ICUbed_lower":0.0,"ICUbed_upper":0.0,"InvVen_mean":0.0,"InvVen_lower":0.0,"InvVen_upper":0.0,"deaths_mean":0.0,"deaths_lower":0,"deaths_upper":0,"admis_mean":0.0,"admis_lower":0.0,"admis_upper":0.0,"newICU_mean":0.0,"newICU_lower":0.0,"newICU_upper":0.0,"totdea_mean":0.0,"totdea_lower":0,"totdea_upper":0,"bedover_mean":0,"bedover_lower":0,"bedover_upper":0,"icuover_mean":0,"icuover_lower":0,"icuover_upper":0,"deaths":0.0,"cases":0.0},{"index":"2020-01-09T00:00:00.000Z","Executive Orders ":null,"V1":20683,"location_name":"Oregon","location_id":560,"allbed_mean":0.0,"allbed_lower":0.0,"allbed_upper":0.0,"ICUbed_mean":0.0,"ICUbed_lower":0.0,"ICUbed_upper":0.0,"InvVen_mean":0.0,"InvVen_lower":0.0,"InvVen_upper":0.0,"deaths_mean":0.0,"deaths_lower":0,"deaths_upper":0,"admis_mean":0.0,"admis_lower":0.0,"admis_upper":0.0,"newICU_mean":0.0,"newICU_lower":0.0,"newICU_upper":0.0,"totdea_mean":0.0,"totdea_lower":0,"totdea_upper":0,"bedover_mean":0,"bedover_lower":0,"bedover_upper":0,"icuover_mean":0,"icuover_lower":0,"icuover_upper":0,"deaths":0.0,"cases":0.0},{"index":"2020-01-10T00:00:00.000Z","Executive Orders ":null,"V1":20684,"location_name":"Oregon","location_id":560,"allbed_mean":0.0,"allbed_lower":0.0,"allbed_upper":0.0,"ICUbed_mean":0.0,"ICUbed_lower":0.0,"ICUbed_upper":0.0,"InvVen_mean":0.0,"InvVen_lower":0.0,"InvVen_upper":0.0,"deaths_mean":0.0,"deaths_lower":0,"deaths_upper":0,"admis_mean":0.0,"admis_lower":0.0,"admis_upper":0.0,"newICU_mean":0.0,"newICU_lower":0.0,"newICU_upper":0.0,"totdea_mean":0.0,"totdea_lower":0,"totdea_upper":0,"bedover_mean":0,"bedover_lower":0,"bedover_upper":0,"icuover_mean":0,"icuover_lower":0,"icuover_upper":0,"deaths":0.0,"cases":0.0},{"index":"2020-01-11T00:00:00.000Z","Executive Orders ":null,"V1":20685,"location_name":"Oregon","location_id":560,"allbed_mean":0.0,"allbed_lower":0.0,"allbed_upper":0.0,"ICUbed_mean":0.0,"ICUbed_lower":0.0,"ICUbed_upper":0.0,"InvVen_mean":0.0,"InvVen_lower":0.0,"InvVen_upper":0.0,"deaths_mean":0.0,"deaths_lower":0,"deaths_upper":0,"admis_mean":0.0,"admis_lower":0.0,"admis_upper":0.0,"newICU_mean":0.0,"newICU_lower":0.0,"newICU_upper":0.0,"totdea_mean":0.0,"totdea_lower":0,"totdea_upper":0,"bedover_mean":0,"bedover_lower":0,"bedover_upper":0,"icuover_mean":0,"icuover_lower":0,"icuover_upper":0,"deaths":0.0,"cases":0.0},{"index":"2020-01-12T00:00:00.000Z","Executive Orders ":null,"V1":20686,"location_name":"Oregon","location_id":560,"allbed_mean":0.0,"allbed_lower":0.0,"allbed_upper":0.0,"ICUbed_mean":0.0,"ICUbed_lower":0.0,"ICUbed_upper":0.0,"InvVen_mean":0.0,"InvVen_lower":0.0,"InvVen_upper":0.0,"deaths_mean":0.0,"deaths_lower":0,"deaths_upper":0,"admis_mean":0.0,"admis_lower":0.0,"admis_upper":0.0,"newICU_mean":0.0,"newICU_lower":0.0,"newICU_upper":0.0,"totdea_mean":0.0,"totdea_lower":0,"totdea_upper":0,"bedover_mean":0,"bedover_lower":0,"bedover_upper":0,"icuover_mean":0,"icuover_lower":0,"icuover_upper":0,"deaths":0.0,"cases":0.0},{"index":"2020-01-13T00:00:00.000Z","Executive Orders ":null,"V1":20687,"location_name":"Oregon","location_id":560,"allbed_mean":0.0,"allbed_lower":0.0,"allbed_upper":0.0,"ICUbed_mean":0.0,"ICUbed_lower":0.0,"ICUbed_upper":0.0,"InvVen_mean":0.0,"InvVen_lower":0.0,"InvVen_upper":0.0,"deaths_mean":0.0,"deaths_lower":0,"deaths_upper":0,"admis_mean":0.0,"admis_lower":0.0,"admis_upper":0.0,"newICU_mean":0.0,"newICU_lower":0.0,"newICU_upper":0.0,"totdea_mean":0.0,"totdea_lower":0,"totdea_upper":0,"bedover_mean":0,"bedover_lower":0,"bedover_upper":0,"icuover_mean":0,"icuover_lower":0,"icuover_upper":0,"deaths":0.0,"cases":0.0},{"index":"2020-01-14T00:00:00.000Z","Executive Orders ":null,"V1":20688,"location_name":"Oregon","location_id":560,"allbed_mean":0.0,"allbed_lower":0.0,"allbed_upper":0.0,"ICUbed_mean":0.0,"ICUbed_lower":0.0,"ICUbed_upper":0.0,"InvVen_mean":0.0,"InvVen_lower":0.0,"InvVen_upper":0.0,"deaths_mean":0.0,"deaths_lower":0,"deaths_upper":0,"admis_mean":0.0,"admis_lower":0.0,"admis_upper":0.0,"newICU_mean":0.0,"newICU_lower":0.0,"newICU_upper":0.0,"totdea_mean":0.0,"totdea_lower":0,"totdea_upper":0,"bedover_mean":0,"bedover_lower":0,"bedover_upper":0,"icuover_mean":0,"icuover_lower":0,"icuover_upper":0,"deaths":0.0,"cases":0.0},{"index":"2020-01-15T00:00:00.000Z","Executive Orders ":null,"V1":20689,"location_name":"Oregon","location_id":560,"allbed_mean":0.0,"allbed_lower":0.0,"allbed_upper":0.0,"ICUbed_mean":0.0,"ICUbed_lower":0.0,"ICUbed_upper":0.0,"InvVen_mean":0.0,"InvVen_lower":0.0,"InvVen_upper":0.0,"deaths_mean":0.0,"deaths_lower":0,"deaths_upper":0,"admis_mean":0.0,"admis_lower":0.0,"admis_upper":0.0,"newICU_mean":0.0,"newICU_lower":0.0,"newICU_upper":0.0,"totdea_mean":0.0,"totdea_lower":0,"totdea_upper":0,"bedover_mean":0,"bedover_lower":0,"bedover_upper":0,"icuover_mean":0,"icuover_lower":0,"icuover_upper":0,"deaths":0.0,"cases":0.0},{"index":"2020-01-16T00:00:00.000Z","Executive Orders ":null,"V1":20690,"location_name":"Oregon","location_id":560,"allbed_mean":0.0,"allbed_lower":0.0,"allbed_upper":0.0,"ICUbed_mean":0.0,"ICUbed_lower":0.0,"ICUbed_upper":0.0,"InvVen_mean":0.0,"InvVen_lower":0.0,"InvVen_upper":0.0,"deaths_mean":0.0,"deaths_lower":0,"deaths_upper":0,"admis_mean":0.0,"admis_lower":0.0,"admis_upper":0.0,"newICU_mean":0.0,"newICU_lower":0.0,"newICU_upper":0.0,"totdea_mean":0.0,"totdea_lower":0,"totdea_upper":0,"bedover_mean":0,"bedover_lower":0,"bedover_upper":0,"icuover_mean":0,"icuover_lower":0,"icuover_upper":0,"deaths":0.0,"cases":0.0},{"index":"2020-01-17T00:00:00.000Z","Executive Orders ":null,"V1":20691,"location_name":"Oregon","location_id":560,"allbed_mean":0.0,"allbed_lower":0.0,"allbed_upper":0.0,"ICUbed_mean":0.0,"ICUbed_lower":0.0,"ICUbed_upper":0.0,"InvVen_mean":0.0,"InvVen_lower":0.0,"InvVen_upper":0.0,"deaths_mean":0.0,"deaths_lower":0,"deaths_upper":0,"admis_mean":0.0,"admis_lower":0.0,"admis_upper":0.0,"newICU_mean":0.0,"newICU_lower":0.0,"newICU_upper":0.0,"totdea_mean":0.0,"totdea_lower":0,"totdea_upper":0,"bedover_mean":0,"bedover_lower":0,"bedover_upper":0,"icuover_mean":0,"icuover_lower":0,"icuover_upper":0,"deaths":0.0,"cases":0.0},{"index":"2020-01-18T00:00:00.000Z","Executive Orders ":null,"V1":20692,"location_name":"Oregon","location_id":560,"allbed_mean":0.0,"allbed_lower":0.0,"allbed_upper":0.0,"ICUbed_mean":0.0,"ICUbed_lower":0.0,"ICUbed_upper":0.0,"InvVen_mean":0.0,"InvVen_lower":0.0,"InvVen_upper":0.0,"deaths_mean":0.0,"deaths_lower":0,"deaths_upper":0,"admis_mean":0.0,"admis_lower":0.0,"admis_upper":0.0,"newICU_mean":0.0,"newICU_lower":0.0,"newICU_upper":0.0,"totdea_mean":0.0,"totdea_lower":0,"totdea_upper":0,"bedover_mean":0,"bedover_lower":0,"bedover_upper":0,"icuover_mean":0,"icuover_lower":0,"icuover_upper":0,"deaths":0.0,"cases":0.0},{"index":"2020-01-19T00:00:00.000Z","Executive Orders ":null,"V1":20693,"location_name":"Oregon","location_id":560,"allbed_mean":0.0,"allbed_lower":0.0,"allbed_upper":0.0,"ICUbed_mean":0.0,"ICUbed_lower":0.0,"ICUbed_upper":0.0,"InvVen_mean":0.0,"InvVen_lower":0.0,"InvVen_upper":0.0,"deaths_mean":0.0,"deaths_lower":0,"deaths_upper":0,"admis_mean":0.0,"admis_lower":0.0,"admis_upper":0.0,"newICU_mean":0.0,"newICU_lower":0.0,"newICU_upper":0.0,"totdea_mean":0.0,"totdea_lower":0,"totdea_upper":0,"bedover_mean":0,"bedover_lower":0,"bedover_upper":0,"icuover_mean":0,"icuover_lower":0,"icuover_upper":0,"deaths":0.0,"cases":0.0},{"index":"2020-01-20T00:00:00.000Z","Executive Orders ":null,"V1":20694,"location_name":"Oregon","location_id":560,"allbed_mean":0.0,"allbed_lower":0.0,"allbed_upper":0.0,"ICUbed_mean":0.0,"ICUbed_lower":0.0,"ICUbed_upper":0.0,"InvVen_mean":0.0,"InvVen_lower":0.0,"InvVen_upper":0.0,"deaths_mean":0.0,"deaths_lower":0,"deaths_upper":0,"admis_mean":0.0,"admis_lower":0.0,"admis_upper":0.0,"newICU_mean":0.0,"newICU_lower":0.0,"newICU_upper":0.0,"totdea_mean":0.0,"totdea_lower":0,"totdea_upper":0,"bedover_mean":0,"bedover_lower":0,"bedover_upper":0,"icuover_mean":0,"icuover_lower":0,"icuover_upper":0,"deaths":0.0,"cases":0.0},{"index":"2020-01-21T00:00:00.000Z","Executive Orders ":null,"V1":20695,"location_name":"Oregon","location_id":560,"allbed_mean":0.0,"allbed_lower":0.0,"allbed_upper":0.0,"ICUbed_mean":0.0,"ICUbed_lower":0.0,"ICUbed_upper":0.0,"InvVen_mean":0.0,"InvVen_lower":0.0,"InvVen_upper":0.0,"deaths_mean":0.0,"deaths_lower":0,"deaths_upper":0,"admis_mean":0.0,"admis_lower":0.0,"admis_upper":0.0,"newICU_mean":0.0,"newICU_lower":0.0,"newICU_upper":0.0,"totdea_mean":0.0,"totdea_lower":0,"totdea_upper":0,"bedover_mean":0,"bedover_lower":0,"bedover_upper":0,"icuover_mean":0,"icuover_lower":0,"icuover_upper":0,"deaths":0.0,"cases":0.0},{"index":"2020-01-22T00:00:00.000Z","Executive Orders ":null,"V1":20696,"location_name":"Oregon","location_id":560,"allbed_mean":0.0,"allbed_lower":0.0,"allbed_upper":0.0,"ICUbed_mean":0.0,"ICUbed_lower":0.0,"ICUbed_upper":0.0,"InvVen_mean":0.0,"InvVen_lower":0.0,"InvVen_upper":0.0,"deaths_mean":0.0,"deaths_lower":0,"deaths_upper":0,"admis_mean":0.0,"admis_lower":0.0,"admis_upper":0.0,"newICU_mean":0.0,"newICU_lower":0.0,"newICU_upper":0.0,"totdea_mean":0.0,"totdea_lower":0,"totdea_upper":0,"bedover_mean":0,"bedover_lower":0,"bedover_upper":0,"icuover_mean":0,"icuover_lower":0,"icuover_upper":0,"deaths":0.0,"cases":0.0},{"index":"2020-01-23T00:00:00.000Z","Executive Orders ":null,"V1":20697,"location_name":"Oregon","location_id":560,"allbed_mean":0.0,"allbed_lower":0.0,"allbed_upper":0.0,"ICUbed_mean":0.0,"ICUbed_lower":0.0,"ICUbed_upper":0.0,"InvVen_mean":0.0,"InvVen_lower":0.0,"InvVen_upper":0.0,"deaths_mean":0.0,"deaths_lower":0,"deaths_upper":0,"admis_mean":0.0,"admis_lower":0.0,"admis_upper":0.0,"newICU_mean":0.0,"newICU_lower":0.0,"newICU_upper":0.0,"totdea_mean":0.0,"totdea_lower":0,"totdea_upper":0,"bedover_mean":0,"bedover_lower":0,"bedover_upper":0,"icuover_mean":0,"icuover_lower":0,"icuover_upper":0,"deaths":0.0,"cases":0.0},{"index":"2020-01-24T00:00:00.000Z","Executive Orders ":null,"V1":20698,"location_name":"Oregon","location_id":560,"allbed_mean":0.0,"allbed_lower":0.0,"allbed_upper":0.0,"ICUbed_mean":0.0,"ICUbed_lower":0.0,"ICUbed_upper":0.0,"InvVen_mean":0.0,"InvVen_lower":0.0,"InvVen_upper":0.0,"deaths_mean":0.0,"deaths_lower":0,"deaths_upper":0,"admis_mean":0.0,"admis_lower":0.0,"admis_upper":0.0,"newICU_mean":0.0,"newICU_lower":0.0,"newICU_upper":0.0,"totdea_mean":0.0,"totdea_lower":0,"totdea_upper":0,"bedover_mean":0,"bedover_lower":0,"bedover_upper":0,"icuover_mean":0,"icuover_lower":0,"icuover_upper":0,"deaths":0.0,"cases":0.0},{"index":"2020-01-25T00:00:00.000Z","Executive Orders ":null,"V1":20699,"location_name":"Oregon","location_id":560,"allbed_mean":0.0,"allbed_lower":0.0,"allbed_upper":0.0,"ICUbed_mean":0.0,"ICUbed_lower":0.0,"ICUbed_upper":0.0,"InvVen_mean":0.0,"InvVen_lower":0.0,"InvVen_upper":0.0,"deaths_mean":0.0,"deaths_lower":0,"deaths_upper":0,"admis_mean":0.0,"admis_lower":0.0,"admis_upper":0.0,"newICU_mean":0.0,"newICU_lower":0.0,"newICU_upper":0.0,"totdea_mean":0.0,"totdea_lower":0,"totdea_upper":0,"bedover_mean":0,"bedover_lower":0,"bedover_upper":0,"icuover_mean":0,"icuover_lower":0,"icuover_upper":0,"deaths":0.0,"cases":0.0},{"index":"2020-01-26T00:00:00.000Z","Executive Orders ":null,"V1":20700,"location_name":"Oregon","location_id":560,"allbed_mean":0.0,"allbed_lower":0.0,"allbed_upper":0.0,"ICUbed_mean":0.0,"ICUbed_lower":0.0,"ICUbed_upper":0.0,"InvVen_mean":0.0,"InvVen_lower":0.0,"InvVen_upper":0.0,"deaths_mean":0.0,"deaths_lower":0,"deaths_upper":0,"admis_mean":0.0,"admis_lower":0.0,"admis_upper":0.0,"newICU_mean":0.0,"newICU_lower":0.0,"newICU_upper":0.0,"totdea_mean":0.0,"totdea_lower":0,"totdea_upper":0,"bedover_mean":0,"bedover_lower":0,"bedover_upper":0,"icuover_mean":0,"icuover_lower":0,"icuover_upper":0,"deaths":0.0,"cases":0.0},{"index":"2020-01-27T00:00:00.000Z","Executive Orders ":null,"V1":20701,"location_name":"Oregon","location_id":560,"allbed_mean":0.0,"allbed_lower":0.0,"allbed_upper":0.0,"ICUbed_mean":0.0,"ICUbed_lower":0.0,"ICUbed_upper":0.0,"InvVen_mean":0.0,"InvVen_lower":0.0,"InvVen_upper":0.0,"deaths_mean":0.0,"deaths_lower":0,"deaths_upper":0,"admis_mean":0.0,"admis_lower":0.0,"admis_upper":0.0,"newICU_mean":0.0,"newICU_lower":0.0,"newICU_upper":0.0,"totdea_mean":0.0,"totdea_lower":0,"totdea_upper":0,"bedover_mean":0,"bedover_lower":0,"bedover_upper":0,"icuover_mean":0,"icuover_lower":0,"icuover_upper":0,"deaths":0.0,"cases":0.0},{"index":"2020-01-28T00:00:00.000Z","Executive Orders ":null,"V1":20702,"location_name":"Oregon","location_id":560,"allbed_mean":0.0,"allbed_lower":0.0,"allbed_upper":0.0,"ICUbed_mean":0.0,"ICUbed_lower":0.0,"ICUbed_upper":0.0,"InvVen_mean":0.0,"InvVen_lower":0.0,"InvVen_upper":0.0,"deaths_mean":0.0,"deaths_lower":0,"deaths_upper":0,"admis_mean":0.0,"admis_lower":0.0,"admis_upper":0.0,"newICU_mean":0.0,"newICU_lower":0.0,"newICU_upper":0.0,"totdea_mean":0.0,"totdea_lower":0,"totdea_upper":0,"bedover_mean":0,"bedover_lower":0,"bedover_upper":0,"icuover_mean":0,"icuover_lower":0,"icuover_upper":0,"deaths":0.0,"cases":0.0},{"index":"2020-01-29T00:00:00.000Z","Executive Orders ":null,"V1":20703,"location_name":"Oregon","location_id":560,"allbed_mean":0.0,"allbed_lower":0.0,"allbed_upper":0.0,"ICUbed_mean":0.0,"ICUbed_lower":0.0,"ICUbed_upper":0.0,"InvVen_mean":0.0,"InvVen_lower":0.0,"InvVen_upper":0.0,"deaths_mean":0.0,"deaths_lower":0,"deaths_upper":0,"admis_mean":0.0,"admis_lower":0.0,"admis_upper":0.0,"newICU_mean":0.0,"newICU_lower":0.0,"newICU_upper":0.0,"totdea_mean":0.0,"totdea_lower":0,"totdea_upper":0,"bedover_mean":0,"bedover_lower":0,"bedover_upper":0,"icuover_mean":0,"icuover_lower":0,"icuover_upper":0,"deaths":0.0,"cases":0.0},{"index":"2020-01-30T00:00:00.000Z","Executive Orders ":null,"V1":20704,"location_name":"Oregon","location_id":560,"allbed_mean":0.0,"allbed_lower":0.0,"allbed_upper":0.0,"ICUbed_mean":0.0,"ICUbed_lower":0.0,"ICUbed_upper":0.0,"InvVen_mean":0.0,"InvVen_lower":0.0,"InvVen_upper":0.0,"deaths_mean":0.0,"deaths_lower":0,"deaths_upper":0,"admis_mean":0.0,"admis_lower":0.0,"admis_upper":0.0,"newICU_mean":0.0,"newICU_lower":0.0,"newICU_upper":0.0,"totdea_mean":0.0,"totdea_lower":0,"totdea_upper":0,"bedover_mean":0,"bedover_lower":0,"bedover_upper":0,"icuover_mean":0,"icuover_lower":0,"icuover_upper":0,"deaths":0.0,"cases":0.0},{"index":"2020-01-31T00:00:00.000Z","Executive Orders ":null,"V1":20705,"location_name":"Oregon","location_id":560,"allbed_mean":0.0,"allbed_lower":0.0,"allbed_upper":0.0,"ICUbed_mean":0.0,"ICUbed_lower":0.0,"ICUbed_upper":0.0,"InvVen_mean":0.0,"InvVen_lower":0.0,"InvVen_upper":0.0,"deaths_mean":0.0,"deaths_lower":0,"deaths_upper":0,"admis_mean":0.0,"admis_lower":0.0,"admis_upper":0.0,"newICU_mean":0.0,"newICU_lower":0.0,"newICU_upper":0.0,"totdea_mean":0.0,"totdea_lower":0,"totdea_upper":0,"bedover_mean":0,"bedover_lower":0,"bedover_upper":0,"icuover_mean":0,"icuover_lower":0,"icuover_upper":0,"deaths":0.0,"cases":0.0},{"index":"2020-02-01T00:00:00.000Z","Executive Orders ":null,"V1":20706,"location_name":"Oregon","location_id":560,"allbed_mean":0.0,"allbed_lower":0.0,"allbed_upper":0.0,"ICUbed_mean":0.0,"ICUbed_lower":0.0,"ICUbed_upper":0.0,"InvVen_mean":0.0,"InvVen_lower":0.0,"InvVen_upper":0.0,"deaths_mean":0.0,"deaths_lower":0,"deaths_upper":0,"admis_mean":0.0,"admis_lower":0.0,"admis_upper":0.0,"newICU_mean":0.0,"newICU_lower":0.0,"newICU_upper":0.0,"totdea_mean":0.0,"totdea_lower":0,"totdea_upper":0,"bedover_mean":0,"bedover_lower":0,"bedover_upper":0,"icuover_mean":0,"icuover_lower":0,"icuover_upper":0,"deaths":0.0,"cases":0.0},{"index":"2020-02-02T00:00:00.000Z","Executive Orders ":null,"V1":20707,"location_name":"Oregon","location_id":560,"allbed_mean":0.0,"allbed_lower":0.0,"allbed_upper":0.0,"ICUbed_mean":0.0,"ICUbed_lower":0.0,"ICUbed_upper":0.0,"InvVen_mean":0.0,"InvVen_lower":0.0,"InvVen_upper":0.0,"deaths_mean":0.0,"deaths_lower":0,"deaths_upper":0,"admis_mean":0.0,"admis_lower":0.0,"admis_upper":0.0,"newICU_mean":0.0,"newICU_lower":0.0,"newICU_upper":0.0,"totdea_mean":0.0,"totdea_lower":0,"totdea_upper":0,"bedover_mean":0,"bedover_lower":0,"bedover_upper":0,"icuover_mean":0,"icuover_lower":0,"icuover_upper":0,"deaths":0.0,"cases":0.0},{"index":"2020-02-03T00:00:00.000Z","Executive Orders ":null,"V1":20708,"location_name":"Oregon","location_id":560,"allbed_mean":0.0,"allbed_lower":0.0,"allbed_upper":0.0,"ICUbed_mean":0.0,"ICUbed_lower":0.0,"ICUbed_upper":0.0,"InvVen_mean":0.0,"InvVen_lower":0.0,"InvVen_upper":0.0,"deaths_mean":0.0,"deaths_lower":0,"deaths_upper":0,"admis_mean":0.0,"admis_lower":0.0,"admis_upper":0.0,"newICU_mean":0.0,"newICU_lower":0.0,"newICU_upper":0.0,"totdea_mean":0.0,"totdea_lower":0,"totdea_upper":0,"bedover_mean":0,"bedover_lower":0,"bedover_upper":0,"icuover_mean":0,"icuover_lower":0,"icuover_upper":0,"deaths":0.0,"cases":0.0},{"index":"2020-02-04T00:00:00.000Z","Executive Orders ":null,"V1":20709,"location_name":"Oregon","location_id":560,"allbed_mean":0.0,"allbed_lower":0.0,"allbed_upper":0.0,"ICUbed_mean":0.0,"ICUbed_lower":0.0,"ICUbed_upper":0.0,"InvVen_mean":0.0,"InvVen_lower":0.0,"InvVen_upper":0.0,"deaths_mean":0.0,"deaths_lower":0,"deaths_upper":0,"admis_mean":0.0,"admis_lower":0.0,"admis_upper":0.0,"newICU_mean":0.0,"newICU_lower":0.0,"newICU_upper":0.0,"totdea_mean":0.0,"totdea_lower":0,"totdea_upper":0,"bedover_mean":0,"bedover_lower":0,"bedover_upper":0,"icuover_mean":0,"icuover_lower":0,"icuover_upper":0,"deaths":0.0,"cases":0.0},{"index":"2020-02-05T00:00:00.000Z","Executive Orders ":null,"V1":20710,"location_name":"Oregon","location_id":560,"allbed_mean":0.0,"allbed_lower":0.0,"allbed_upper":0.0,"ICUbed_mean":0.0,"ICUbed_lower":0.0,"ICUbed_upper":0.0,"InvVen_mean":0.0,"InvVen_lower":0.0,"InvVen_upper":0.0,"deaths_mean":0.0,"deaths_lower":0,"deaths_upper":0,"admis_mean":0.0,"admis_lower":0.0,"admis_upper":0.0,"newICU_mean":0.0,"newICU_lower":0.0,"newICU_upper":0.0,"totdea_mean":0.0,"totdea_lower":0,"totdea_upper":0,"bedover_mean":0,"bedover_lower":0,"bedover_upper":0,"icuover_mean":0,"icuover_lower":0,"icuover_upper":0,"deaths":0.0,"cases":0.0},{"index":"2020-02-06T00:00:00.000Z","Executive Orders ":null,"V1":20711,"location_name":"Oregon","location_id":560,"allbed_mean":0.0,"allbed_lower":0.0,"allbed_upper":0.0,"ICUbed_mean":0.0,"ICUbed_lower":0.0,"ICUbed_upper":0.0,"InvVen_mean":0.0,"InvVen_lower":0.0,"InvVen_upper":0.0,"deaths_mean":0.0,"deaths_lower":0,"deaths_upper":0,"admis_mean":0.0,"admis_lower":0.0,"admis_upper":0.0,"newICU_mean":0.0,"newICU_lower":0.0,"newICU_upper":0.0,"totdea_mean":0.0,"totdea_lower":0,"totdea_upper":0,"bedover_mean":0,"bedover_lower":0,"bedover_upper":0,"icuover_mean":0,"icuover_lower":0,"icuover_upper":0,"deaths":0.0,"cases":0.0},{"index":"2020-02-07T00:00:00.000Z","Executive Orders ":null,"V1":20712,"location_name":"Oregon","location_id":560,"allbed_mean":0.0,"allbed_lower":0.0,"allbed_upper":0.0,"ICUbed_mean":0.0,"ICUbed_lower":0.0,"ICUbed_upper":0.0,"InvVen_mean":0.0,"InvVen_lower":0.0,"InvVen_upper":0.0,"deaths_mean":0.0,"deaths_lower":0,"deaths_upper":0,"admis_mean":0.0,"admis_lower":0.0,"admis_upper":0.0,"newICU_mean":0.0,"newICU_lower":0.0,"newICU_upper":0.0,"totdea_mean":0.0,"totdea_lower":0,"totdea_upper":0,"bedover_mean":0,"bedover_lower":0,"bedover_upper":0,"icuover_mean":0,"icuover_lower":0,"icuover_upper":0,"deaths":0.0,"cases":0.0},{"index":"2020-02-08T00:00:00.000Z","Executive Orders ":null,"V1":20713,"location_name":"Oregon","location_id":560,"allbed_mean":0.0,"allbed_lower":0.0,"allbed_upper":0.0,"ICUbed_mean":0.0,"ICUbed_lower":0.0,"ICUbed_upper":0.0,"InvVen_mean":0.0,"InvVen_lower":0.0,"InvVen_upper":0.0,"deaths_mean":0.0,"deaths_lower":0,"deaths_upper":0,"admis_mean":0.0,"admis_lower":0.0,"admis_upper":0.0,"newICU_mean":0.0,"newICU_lower":0.0,"newICU_upper":0.0,"totdea_mean":0.0,"totdea_lower":0,"totdea_upper":0,"bedover_mean":0,"bedover_lower":0,"bedover_upper":0,"icuover_mean":0,"icuover_lower":0,"icuover_upper":0,"deaths":0.0,"cases":0.0},{"index":"2020-02-09T00:00:00.000Z","Executive Orders ":null,"V1":20714,"location_name":"Oregon","location_id":560,"allbed_mean":0.0,"allbed_lower":0.0,"allbed_upper":0.0,"ICUbed_mean":0.0,"ICUbed_lower":0.0,"ICUbed_upper":0.0,"InvVen_mean":0.0,"InvVen_lower":0.0,"InvVen_upper":0.0,"deaths_mean":0.0,"deaths_lower":0,"deaths_upper":0,"admis_mean":0.0,"admis_lower":0.0,"admis_upper":0.0,"newICU_mean":0.0,"newICU_lower":0.0,"newICU_upper":0.0,"totdea_mean":0.0,"totdea_lower":0,"totdea_upper":0,"bedover_mean":0,"bedover_lower":0,"bedover_upper":0,"icuover_mean":0,"icuover_lower":0,"icuover_upper":0,"deaths":0.0,"cases":0.0},{"index":"2020-02-10T00:00:00.000Z","Executive Orders ":null,"V1":20715,"location_name":"Oregon","location_id":560,"allbed_mean":0.0,"allbed_lower":0.0,"allbed_upper":0.0,"ICUbed_mean":0.0,"ICUbed_lower":0.0,"ICUbed_upper":0.0,"InvVen_mean":0.0,"InvVen_lower":0.0,"InvVen_upper":0.0,"deaths_mean":0.0,"deaths_lower":0,"deaths_upper":0,"admis_mean":0.0,"admis_lower":0.0,"admis_upper":0.0,"newICU_mean":0.0,"newICU_lower":0.0,"newICU_upper":0.0,"totdea_mean":0.0,"totdea_lower":0,"totdea_upper":0,"bedover_mean":0,"bedover_lower":0,"bedover_upper":0,"icuover_mean":0,"icuover_lower":0,"icuover_upper":0,"deaths":0.0,"cases":0.0},{"index":"2020-02-11T00:00:00.000Z","Executive Orders ":null,"V1":20716,"location_name":"Oregon","location_id":560,"allbed_mean":0.0,"allbed_lower":0.0,"allbed_upper":0.0,"ICUbed_mean":0.0,"ICUbed_lower":0.0,"ICUbed_upper":0.0,"InvVen_mean":0.0,"InvVen_lower":0.0,"InvVen_upper":0.0,"deaths_mean":0.0,"deaths_lower":0,"deaths_upper":0,"admis_mean":0.0,"admis_lower":0.0,"admis_upper":0.0,"newICU_mean":0.0,"newICU_lower":0.0,"newICU_upper":0.0,"totdea_mean":0.0,"totdea_lower":0,"totdea_upper":0,"bedover_mean":0,"bedover_lower":0,"bedover_upper":0,"icuover_mean":0,"icuover_lower":0,"icuover_upper":0,"deaths":0.0,"cases":0.0},{"index":"2020-02-12T00:00:00.000Z","Executive Orders ":null,"V1":20717,"location_name":"Oregon","location_id":560,"allbed_mean":0.0,"allbed_lower":0.0,"allbed_upper":0.0,"ICUbed_mean":0.0,"ICUbed_lower":0.0,"ICUbed_upper":0.0,"InvVen_mean":0.0,"InvVen_lower":0.0,"InvVen_upper":0.0,"deaths_mean":0.0,"deaths_lower":0,"deaths_upper":0,"admis_mean":0.0,"admis_lower":0.0,"admis_upper":0.0,"newICU_mean":0.0,"newICU_lower":0.0,"newICU_upper":0.0,"totdea_mean":0.0,"totdea_lower":0,"totdea_upper":0,"bedover_mean":0,"bedover_lower":0,"bedover_upper":0,"icuover_mean":0,"icuover_lower":0,"icuover_upper":0,"deaths":0.0,"cases":0.0},{"index":"2020-02-13T00:00:00.000Z","Executive Orders ":null,"V1":20718,"location_name":"Oregon","location_id":560,"allbed_mean":0.0,"allbed_lower":0.0,"allbed_upper":0.0,"ICUbed_mean":0.0,"ICUbed_lower":0.0,"ICUbed_upper":0.0,"InvVen_mean":0.0,"InvVen_lower":0.0,"InvVen_upper":0.0,"deaths_mean":0.0,"deaths_lower":0,"deaths_upper":0,"admis_mean":0.0,"admis_lower":0.0,"admis_upper":0.0,"newICU_mean":0.0,"newICU_lower":0.0,"newICU_upper":0.0,"totdea_mean":0.0,"totdea_lower":0,"totdea_upper":0,"bedover_mean":0,"bedover_lower":0,"bedover_upper":0,"icuover_mean":0,"icuover_lower":0,"icuover_upper":0,"deaths":0.0,"cases":0.0},{"index":"2020-02-14T00:00:00.000Z","Executive Orders ":null,"V1":20719,"location_name":"Oregon","location_id":560,"allbed_mean":0.0,"allbed_lower":0.0,"allbed_upper":0.0,"ICUbed_mean":0.0,"ICUbed_lower":0.0,"ICUbed_upper":0.0,"InvVen_mean":0.0,"InvVen_lower":0.0,"InvVen_upper":0.0,"deaths_mean":0.0,"deaths_lower":0,"deaths_upper":0,"admis_mean":0.0,"admis_lower":0.0,"admis_upper":0.0,"newICU_mean":0.0,"newICU_lower":0.0,"newICU_upper":0.0,"totdea_mean":0.0,"totdea_lower":0,"totdea_upper":0,"bedover_mean":0,"bedover_lower":0,"bedover_upper":0,"icuover_mean":0,"icuover_lower":0,"icuover_upper":0,"deaths":0.0,"cases":0.0},{"index":"2020-02-15T00:00:00.000Z","Executive Orders ":null,"V1":20720,"location_name":"Oregon","location_id":560,"allbed_mean":0.0,"allbed_lower":0.0,"allbed_upper":0.0,"ICUbed_mean":0.0,"ICUbed_lower":0.0,"ICUbed_upper":0.0,"InvVen_mean":0.0,"InvVen_lower":0.0,"InvVen_upper":0.0,"deaths_mean":0.0,"deaths_lower":0,"deaths_upper":0,"admis_mean":0.0,"admis_lower":0.0,"admis_upper":0.0,"newICU_mean":0.0,"newICU_lower":0.0,"newICU_upper":0.0,"totdea_mean":0.0,"totdea_lower":0,"totdea_upper":0,"bedover_mean":0,"bedover_lower":0,"bedover_upper":0,"icuover_mean":0,"icuover_lower":0,"icuover_upper":0,"deaths":0.0,"cases":0.0},{"index":"2020-02-16T00:00:00.000Z","Executive Orders ":null,"V1":20721,"location_name":"Oregon","location_id":560,"allbed_mean":0.0,"allbed_lower":0.0,"allbed_upper":0.0,"ICUbed_mean":0.0,"ICUbed_lower":0.0,"ICUbed_upper":0.0,"InvVen_mean":0.0,"InvVen_lower":0.0,"InvVen_upper":0.0,"deaths_mean":0.0,"deaths_lower":0,"deaths_upper":0,"admis_mean":0.0,"admis_lower":0.0,"admis_upper":0.0,"newICU_mean":0.0,"newICU_lower":0.0,"newICU_upper":0.0,"totdea_mean":0.0,"totdea_lower":0,"totdea_upper":0,"bedover_mean":0,"bedover_lower":0,"bedover_upper":0,"icuover_mean":0,"icuover_lower":0,"icuover_upper":0,"deaths":0.0,"cases":0.0},{"index":"2020-02-17T00:00:00.000Z","Executive Orders ":null,"V1":20722,"location_name":"Oregon","location_id":560,"allbed_mean":0.0,"allbed_lower":0.0,"allbed_upper":0.0,"ICUbed_mean":0.0,"ICUbed_lower":0.0,"ICUbed_upper":0.0,"InvVen_mean":0.0,"InvVen_lower":0.0,"InvVen_upper":0.0,"deaths_mean":0.0,"deaths_lower":0,"deaths_upper":0,"admis_mean":0.0,"admis_lower":0.0,"admis_upper":0.0,"newICU_mean":0.0,"newICU_lower":0.0,"newICU_upper":0.0,"totdea_mean":0.0,"totdea_lower":0,"totdea_upper":0,"bedover_mean":0,"bedover_lower":0,"bedover_upper":0,"icuover_mean":0,"icuover_lower":0,"icuover_upper":0,"deaths":0.0,"cases":0.0},{"index":"2020-02-18T00:00:00.000Z","Executive Orders ":null,"V1":20723,"location_name":"Oregon","location_id":560,"allbed_mean":0.0,"allbed_lower":0.0,"allbed_upper":0.0,"ICUbed_mean":0.0,"ICUbed_lower":0.0,"ICUbed_upper":0.0,"InvVen_mean":0.0,"InvVen_lower":0.0,"InvVen_upper":0.0,"deaths_mean":0.0,"deaths_lower":0,"deaths_upper":0,"admis_mean":0.0,"admis_lower":0.0,"admis_upper":0.0,"newICU_mean":0.0,"newICU_lower":0.0,"newICU_upper":0.0,"totdea_mean":0.0,"totdea_lower":0,"totdea_upper":0,"bedover_mean":0,"bedover_lower":0,"bedover_upper":0,"icuover_mean":0,"icuover_lower":0,"icuover_upper":0,"deaths":0.0,"cases":0.0},{"index":"2020-02-19T00:00:00.000Z","Executive Orders ":null,"V1":20724,"location_name":"Oregon","location_id":560,"allbed_mean":0.0,"allbed_lower":0.0,"allbed_upper":0.0,"ICUbed_mean":0.0,"ICUbed_lower":0.0,"ICUbed_upper":0.0,"InvVen_mean":0.0,"InvVen_lower":0.0,"InvVen_upper":0.0,"deaths_mean":0.0,"deaths_lower":0,"deaths_upper":0,"admis_mean":0.0,"admis_lower":0.0,"admis_upper":0.0,"newICU_mean":0.0,"newICU_lower":0.0,"newICU_upper":0.0,"totdea_mean":0.0,"totdea_lower":0,"totdea_upper":0,"bedover_mean":0,"bedover_lower":0,"bedover_upper":0,"icuover_mean":0,"icuover_lower":0,"icuover_upper":0,"deaths":0.0,"cases":0.0},{"index":"2020-02-20T00:00:00.000Z","Executive Orders ":null,"V1":20725,"location_name":"Oregon","location_id":560,"allbed_mean":0.0,"allbed_lower":0.0,"allbed_upper":0.0,"ICUbed_mean":0.0,"ICUbed_lower":0.0,"ICUbed_upper":0.0,"InvVen_mean":0.0,"InvVen_lower":0.0,"InvVen_upper":0.0,"deaths_mean":0.0,"deaths_lower":0,"deaths_upper":0,"admis_mean":0.0,"admis_lower":0.0,"admis_upper":0.0,"newICU_mean":0.0,"newICU_lower":0.0,"newICU_upper":0.0,"totdea_mean":0.0,"totdea_lower":0,"totdea_upper":0,"bedover_mean":0,"bedover_lower":0,"bedover_upper":0,"icuover_mean":0,"icuover_lower":0,"icuover_upper":0,"deaths":0.0,"cases":0.0},{"index":"2020-02-21T00:00:00.000Z","Executive Orders ":null,"V1":20726,"location_name":"Oregon","location_id":560,"allbed_mean":0.0,"allbed_lower":0.0,"allbed_upper":0.0,"ICUbed_mean":0.0,"ICUbed_lower":0.0,"ICUbed_upper":0.0,"InvVen_mean":0.0,"InvVen_lower":0.0,"InvVen_upper":0.0,"deaths_mean":0.0,"deaths_lower":0,"deaths_upper":0,"admis_mean":0.0,"admis_lower":0.0,"admis_upper":0.0,"newICU_mean":0.0,"newICU_lower":0.0,"newICU_upper":0.0,"totdea_mean":0.0,"totdea_lower":0,"totdea_upper":0,"bedover_mean":0,"bedover_lower":0,"bedover_upper":0,"icuover_mean":0,"icuover_lower":0,"icuover_upper":0,"deaths":0.0,"cases":0.0},{"index":"2020-02-22T00:00:00.000Z","Executive Orders ":null,"V1":20727,"location_name":"Oregon","location_id":560,"allbed_mean":0.0,"allbed_lower":0.0,"allbed_upper":0.0,"ICUbed_mean":0.0,"ICUbed_lower":0.0,"ICUbed_upper":0.0,"InvVen_mean":0.0,"InvVen_lower":0.0,"InvVen_upper":0.0,"deaths_mean":0.0,"deaths_lower":0,"deaths_upper":0,"admis_mean":0.0,"admis_lower":0.0,"admis_upper":0.0,"newICU_mean":0.0,"newICU_lower":0.0,"newICU_upper":0.0,"totdea_mean":0.0,"totdea_lower":0,"totdea_upper":0,"bedover_mean":0,"bedover_lower":0,"bedover_upper":0,"icuover_mean":0,"icuover_lower":0,"icuover_upper":0,"deaths":0.0,"cases":0.0},{"index":"2020-02-23T00:00:00.000Z","Executive Orders ":null,"V1":20728,"location_name":"Oregon","location_id":560,"allbed_mean":0.0,"allbed_lower":0.0,"allbed_upper":0.0,"ICUbed_mean":0.0,"ICUbed_lower":0.0,"ICUbed_upper":0.0,"InvVen_mean":0.0,"InvVen_lower":0.0,"InvVen_upper":0.0,"deaths_mean":0.0,"deaths_lower":0,"deaths_upper":0,"admis_mean":0.0,"admis_lower":0.0,"admis_upper":0.0,"newICU_mean":0.0,"newICU_lower":0.0,"newICU_upper":0.0,"totdea_mean":0.0,"totdea_lower":0,"totdea_upper":0,"bedover_mean":0,"bedover_lower":0,"bedover_upper":0,"icuover_mean":0,"icuover_lower":0,"icuover_upper":0,"deaths":0.0,"cases":0.0},{"index":"2020-02-24T00:00:00.000Z","Executive Orders ":null,"V1":20729,"location_name":"Oregon","location_id":560,"allbed_mean":0.0,"allbed_lower":0.0,"allbed_upper":0.0,"ICUbed_mean":0.0,"ICUbed_lower":0.0,"ICUbed_upper":0.0,"InvVen_mean":0.0,"InvVen_lower":0.0,"InvVen_upper":0.0,"deaths_mean":0.0,"deaths_lower":0,"deaths_upper":0,"admis_mean":0.0,"admis_lower":0.0,"admis_upper":0.0,"newICU_mean":0.0,"newICU_lower":0.0,"newICU_upper":0.0,"totdea_mean":0.0,"totdea_lower":0,"totdea_upper":0,"bedover_mean":0,"bedover_lower":0,"bedover_upper":0,"icuover_mean":0,"icuover_lower":0,"icuover_upper":0,"deaths":0.0,"cases":0.0},{"index":"2020-02-25T00:00:00.000Z","Executive Orders ":null,"V1":20730,"location_name":"Oregon","location_id":560,"allbed_mean":0.0,"allbed_lower":0.0,"allbed_upper":0.0,"ICUbed_mean":0.0,"ICUbed_lower":0.0,"ICUbed_upper":0.0,"InvVen_mean":0.0,"InvVen_lower":0.0,"InvVen_upper":0.0,"deaths_mean":0.0,"deaths_lower":0,"deaths_upper":0,"admis_mean":0.0,"admis_lower":0.0,"admis_upper":0.0,"newICU_mean":0.0,"newICU_lower":0.0,"newICU_upper":0.0,"totdea_mean":0.0,"totdea_lower":0,"totdea_upper":0,"bedover_mean":0,"bedover_lower":0,"bedover_upper":0,"icuover_mean":0,"icuover_lower":0,"icuover_upper":0,"deaths":0.0,"cases":0.0},{"index":"2020-02-26T00:00:00.000Z","Executive Orders ":null,"V1":20731,"location_name":"Oregon","location_id":560,"allbed_mean":0.0,"allbed_lower":0.0,"allbed_upper":0.0,"ICUbed_mean":0.0,"ICUbed_lower":0.0,"ICUbed_upper":0.0,"InvVen_mean":0.0,"InvVen_lower":0.0,"InvVen_upper":0.0,"deaths_mean":0.0,"deaths_lower":0,"deaths_upper":0,"admis_mean":0.0,"admis_lower":0.0,"admis_upper":0.0,"newICU_mean":0.0,"newICU_lower":0.0,"newICU_upper":0.0,"totdea_mean":0.0,"totdea_lower":0,"totdea_upper":0,"bedover_mean":0,"bedover_lower":0,"bedover_upper":0,"icuover_mean":0,"icuover_lower":0,"icuover_upper":0,"deaths":0.0,"cases":0.0},{"index":"2020-02-27T00:00:00.000Z","Executive Orders ":null,"V1":20732,"location_name":"Oregon","location_id":560,"allbed_mean":0.0,"allbed_lower":0.0,"allbed_upper":0.0,"ICUbed_mean":0.0,"ICUbed_lower":0.0,"ICUbed_upper":0.0,"InvVen_mean":0.0,"InvVen_lower":0.0,"InvVen_upper":0.0,"deaths_mean":0.0,"deaths_lower":0,"deaths_upper":0,"admis_mean":0.0,"admis_lower":0.0,"admis_upper":0.0,"newICU_mean":0.0,"newICU_lower":0.0,"newICU_upper":0.0,"totdea_mean":0.0,"totdea_lower":0,"totdea_upper":0,"bedover_mean":0,"bedover_lower":0,"bedover_upper":0,"icuover_mean":0,"icuover_lower":0,"icuover_upper":0,"deaths":0.0,"cases":0.0},{"index":"2020-02-28T00:00:00.000Z","Executive Orders ":"overnor Brown convened a Coronavirus Response Team tasked with coordinating state and local agencies and health authorities. The group will meet regularly and make recommendations to the Governor.","V1":20733,"location_name":"Oregon","location_id":560,"allbed_mean":0.0,"allbed_lower":0.0,"allbed_upper":0.0,"ICUbed_mean":0.0,"ICUbed_lower":0.0,"ICUbed_upper":0.0,"InvVen_mean":0.0,"InvVen_lower":0.0,"InvVen_upper":0.0,"deaths_mean":0.0,"deaths_lower":0,"deaths_upper":0,"admis_mean":0.0,"admis_lower":0.0,"admis_upper":0.0,"newICU_mean":0.0,"newICU_lower":0.0,"newICU_upper":0.0,"totdea_mean":0.0,"totdea_lower":0,"totdea_upper":0,"bedover_mean":0,"bedover_lower":0,"bedover_upper":0,"icuover_mean":0,"icuover_lower":0,"icuover_upper":0,"deaths":1.0,"cases":0.0},{"index":"2020-02-29T00:00:00.000Z","Executive Orders ":null,"V1":20734,"location_name":"Oregon","location_id":560,"allbed_mean":0.0,"allbed_lower":0.0,"allbed_upper":0.0,"ICUbed_mean":0.0,"ICUbed_lower":0.0,"ICUbed_upper":0.0,"InvVen_mean":0.0,"InvVen_lower":0.0,"InvVen_upper":0.0,"deaths_mean":0.0,"deaths_lower":0,"deaths_upper":0,"admis_mean":0.0,"admis_lower":0.0,"admis_upper":0.0,"newICU_mean":0.0,"newICU_lower":0.0,"newICU_upper":0.0,"totdea_mean":0.0,"totdea_lower":0,"totdea_upper":0,"bedover_mean":0,"bedover_lower":0,"bedover_upper":0,"icuover_mean":0,"icuover_lower":0,"icuover_upper":0,"deaths":1.0,"cases":0.0},{"index":"2020-03-01T00:00:00.000Z","Executive Orders ":null,"V1":20735,"location_name":"Oregon","location_id":560,"allbed_mean":0.0,"allbed_lower":0.0,"allbed_upper":0.0,"ICUbed_mean":0.0,"ICUbed_lower":0.0,"ICUbed_upper":0.0,"InvVen_mean":0.0,"InvVen_lower":0.0,"InvVen_upper":0.0,"deaths_mean":0.0,"deaths_lower":0,"deaths_upper":0,"admis_mean":0.0,"admis_lower":0.0,"admis_upper":0.0,"newICU_mean":0.0,"newICU_lower":0.0,"newICU_upper":0.0,"totdea_mean":0.0,"totdea_lower":0,"totdea_upper":0,"bedover_mean":0,"bedover_lower":0,"bedover_upper":0,"icuover_mean":0,"icuover_lower":0,"icuover_upper":0,"deaths":2.0,"cases":0.0},{"index":"2020-03-02T00:00:00.000Z","Executive Orders ":"Governor Kate Brown wrote a letter to Vice President Pence requesting the release of additional PPE supplies from the federal government\u2019s strategic national stockpile.","V1":20736,"location_name":"Oregon","location_id":560,"allbed_mean":0.0,"allbed_lower":0.0,"allbed_upper":0.0,"ICUbed_mean":0.0,"ICUbed_lower":0.0,"ICUbed_upper":0.0,"InvVen_mean":0.0,"InvVen_lower":0.0,"InvVen_upper":0.0,"deaths_mean":0.0,"deaths_lower":0,"deaths_upper":0,"admis_mean":0.0,"admis_lower":0.0,"admis_upper":0.0,"newICU_mean":0.0,"newICU_lower":0.0,"newICU_upper":0.0,"totdea_mean":0.0,"totdea_lower":0,"totdea_upper":0,"bedover_mean":0,"bedover_lower":0,"bedover_upper":0,"icuover_mean":0,"icuover_lower":0,"icuover_upper":0,"deaths":2.0,"cases":0.0},{"index":"2020-03-03T00:00:00.000Z","Executive Orders ":null,"V1":20737,"location_name":"Oregon","location_id":560,"allbed_mean":0.0,"allbed_lower":0.0,"allbed_upper":0.0,"ICUbed_mean":0.0,"ICUbed_lower":0.0,"ICUbed_upper":0.0,"InvVen_mean":0.0,"InvVen_lower":0.0,"InvVen_upper":0.0,"deaths_mean":0.0,"deaths_lower":0,"deaths_upper":0,"admis_mean":0.0,"admis_lower":0.0,"admis_upper":0.0,"newICU_mean":0.0,"newICU_lower":0.0,"newICU_upper":0.0,"totdea_mean":0.0,"totdea_lower":0,"totdea_upper":0,"bedover_mean":0,"bedover_lower":0,"bedover_upper":0,"icuover_mean":0,"icuover_lower":0,"icuover_upper":0,"deaths":2.0,"cases":0.0},{"index":"2020-03-04T00:00:00.000Z","Executive Orders ":null,"V1":20738,"location_name":"Oregon","location_id":560,"allbed_mean":0.0,"allbed_lower":0.0,"allbed_upper":0.0,"ICUbed_mean":0.0,"ICUbed_lower":0.0,"ICUbed_upper":0.0,"InvVen_mean":0.0,"InvVen_lower":0.0,"InvVen_upper":0.0,"deaths_mean":0.0,"deaths_lower":0,"deaths_upper":0,"admis_mean":0.0,"admis_lower":0.0,"admis_upper":0.0,"newICU_mean":0.0,"newICU_lower":0.0,"newICU_upper":0.0,"totdea_mean":0.0,"totdea_lower":0,"totdea_upper":0,"bedover_mean":0,"bedover_lower":0,"bedover_upper":0,"icuover_mean":0,"icuover_lower":0,"icuover_upper":0,"deaths":2.0,"cases":0.0},{"index":"2020-03-05T00:00:00.000Z","Executive Orders ":"he State of Oregon reached an agreement with health insurance companies to waive cost-sharing for patients who testing for COVID-19. The agreement means that people with insurance and group health plans won\u2019t face co-payments, co-insurance, or deductibles for COVID-19 testing at in-network healthcare providers or emergency rooms. It will also cover immunization for covered people, when that becomes available.","V1":20739,"location_name":"Oregon","location_id":560,"allbed_mean":0.0,"allbed_lower":0.0,"allbed_upper":0.0,"ICUbed_mean":0.0,"ICUbed_lower":0.0,"ICUbed_upper":0.0,"InvVen_mean":0.0,"InvVen_lower":0.0,"InvVen_upper":0.0,"deaths_mean":0.0,"deaths_lower":0,"deaths_upper":0,"admis_mean":0.0,"admis_lower":0.0,"admis_upper":0.0,"newICU_mean":0.0,"newICU_lower":0.0,"newICU_upper":0.0,"totdea_mean":0.0,"totdea_lower":0,"totdea_upper":0,"bedover_mean":0,"bedover_lower":0,"bedover_upper":0,"icuover_mean":0,"icuover_lower":0,"icuover_upper":0,"deaths":2.0,"cases":0.0},{"index":"2020-03-06T00:00:00.000Z","Executive Orders ":null,"V1":20740,"location_name":"Oregon","location_id":560,"allbed_mean":0.0,"allbed_lower":0.0,"allbed_upper":0.0,"ICUbed_mean":0.0,"ICUbed_lower":0.0,"ICUbed_upper":0.0,"InvVen_mean":0.0,"InvVen_lower":0.0,"InvVen_upper":0.0,"deaths_mean":0.0,"deaths_lower":0,"deaths_upper":0,"admis_mean":0.0,"admis_lower":0.0,"admis_upper":0.0,"newICU_mean":0.0,"newICU_lower":0.0,"newICU_upper":0.0,"totdea_mean":0.0,"totdea_lower":0,"totdea_upper":0,"bedover_mean":0,"bedover_lower":0,"bedover_upper":0,"icuover_mean":0,"icuover_lower":0,"icuover_upper":0,"deaths":2.0,"cases":0.0},{"index":"2020-03-07T00:00:00.000Z","Executive Orders ":null,"V1":20741,"location_name":"Oregon","location_id":560,"allbed_mean":0.0,"allbed_lower":0.0,"allbed_upper":0.0,"ICUbed_mean":0.0,"ICUbed_lower":0.0,"ICUbed_upper":0.0,"InvVen_mean":0.0,"InvVen_lower":0.0,"InvVen_upper":0.0,"deaths_mean":0.0,"deaths_lower":0,"deaths_upper":0,"admis_mean":0.0,"admis_lower":0.0,"admis_upper":0.0,"newICU_mean":0.0,"newICU_lower":0.0,"newICU_upper":0.0,"totdea_mean":0.0,"totdea_lower":0,"totdea_upper":0,"bedover_mean":0,"bedover_lower":0,"bedover_upper":0,"icuover_mean":0,"icuover_lower":0,"icuover_upper":0,"deaths":6.0,"cases":0.0},{"index":"2020-03-08T00:00:00.000Z","Executive Orders ":"Governor Brown issued a state of emergency on Sunday, 9 March, 2020 as the state\u2019s identified cases of novel coronavirus COVID-19 rise to 14.","V1":20742,"location_name":"Oregon","location_id":560,"allbed_mean":0.0,"allbed_lower":0.0,"allbed_upper":0.0,"ICUbed_mean":0.0,"ICUbed_lower":0.0,"ICUbed_upper":0.0,"InvVen_mean":0.0,"InvVen_lower":0.0,"InvVen_upper":0.0,"deaths_mean":0.0,"deaths_lower":0,"deaths_upper":0,"admis_mean":0.0,"admis_lower":0.0,"admis_upper":0.0,"newICU_mean":0.0,"newICU_lower":0.0,"newICU_upper":0.0,"totdea_mean":0.0,"totdea_lower":0,"totdea_upper":0,"bedover_mean":0,"bedover_lower":0,"bedover_upper":0,"icuover_mean":0,"icuover_lower":0,"icuover_upper":0,"deaths":13.0,"cases":0.0},{"index":"2020-03-09T00:00:00.000Z","Executive Orders ":null,"V1":20743,"location_name":"Oregon","location_id":560,"allbed_mean":0.0,"allbed_lower":0.0,"allbed_upper":0.0,"ICUbed_mean":0.0,"ICUbed_lower":0.0,"ICUbed_upper":0.0,"InvVen_mean":0.0,"InvVen_lower":0.0,"InvVen_upper":0.0,"deaths_mean":0.0,"deaths_lower":0,"deaths_upper":0,"admis_mean":0.0,"admis_lower":0.0,"admis_upper":0.0,"newICU_mean":0.0,"newICU_lower":0.0,"newICU_upper":0.0,"totdea_mean":0.0,"totdea_lower":0,"totdea_upper":0,"bedover_mean":0,"bedover_lower":0,"bedover_upper":0,"icuover_mean":0,"icuover_lower":0,"icuover_upper":0,"deaths":13.0,"cases":0.0},{"index":"2020-03-10T00:00:00.000Z","Executive Orders ":"Governor Brown issued a policy to limit transmission of COVID-19 in long-term care facilities.","V1":20744,"location_name":"Oregon","location_id":560,"allbed_mean":4.76055,"allbed_lower":3.15,"allbed_upper":7.3025,"ICUbed_mean":1.0,"ICUbed_lower":1.0,"ICUbed_upper":1.0,"InvVen_mean":1.0,"InvVen_lower":1.0,"InvVen_upper":1.0,"deaths_mean":0.0,"deaths_lower":0,"deaths_upper":0,"admis_mean":4.76055,"admis_lower":3.15,"admis_upper":7.3025,"newICU_mean":1.0,"newICU_lower":1.0,"newICU_upper":1.0,"totdea_mean":0.0,"totdea_lower":0,"totdea_upper":0,"bedover_mean":0,"bedover_lower":0,"bedover_upper":0,"icuover_mean":0,"icuover_lower":0,"icuover_upper":0,"deaths":14.0,"cases":0.0},{"index":"2020-03-11T00:00:00.000Z","Executive Orders ":null,"V1":20745,"location_name":"Oregon","location_id":560,"allbed_mean":4.76055,"allbed_lower":3.15,"allbed_upper":7.3025,"ICUbed_mean":1.0,"ICUbed_lower":1.0,"ICUbed_upper":1.0,"InvVen_mean":1.0,"InvVen_lower":1.0,"InvVen_upper":1.0,"deaths_mean":0.0,"deaths_lower":0,"deaths_upper":0,"admis_mean":0.0,"admis_lower":0.0,"admis_upper":0.0,"newICU_mean":0.0,"newICU_lower":0.0,"newICU_upper":0.0,"totdea_mean":0.0,"totdea_lower":0,"totdea_upper":0,"bedover_mean":0,"bedover_lower":0,"bedover_upper":0,"icuover_mean":0,"icuover_lower":0,"icuover_upper":0,"deaths":20.0,"cases":0.0},{"index":"2020-03-12T00:00:00.000Z","Executive Orders ":"Governor Brown announced statewide school closures for K-12 schools in Oregon from March 16th through March 31st.  Oregon is sending an Incident Management Team to Seattle-King Co., WA to support planners and public health officials through the Emergency Management Assistance Compact. ","V1":20746,"location_name":"Oregon","location_id":560,"allbed_mean":4.76055,"allbed_lower":3.15,"allbed_upper":7.3025,"ICUbed_mean":1.0,"ICUbed_lower":1.0,"ICUbed_upper":1.0,"InvVen_mean":1.0,"InvVen_lower":1.0,"InvVen_upper":1.0,"deaths_mean":0.0,"deaths_lower":0,"deaths_upper":0,"admis_mean":0.0,"admis_lower":0.0,"admis_upper":0.0,"newICU_mean":0.0,"newICU_lower":0.0,"newICU_upper":0.0,"totdea_mean":0.0,"totdea_lower":0,"totdea_upper":0,"bedover_mean":0,"bedover_lower":0,"bedover_upper":0,"icuover_mean":0,"icuover_lower":0,"icuover_upper":0,"deaths":30.0,"cases":0.0},{"index":"2020-03-13T00:00:00.000Z","Executive Orders ":null,"V1":20747,"location_name":"Oregon","location_id":560,"allbed_mean":9.46895,"allbed_lower":7.04875,"allbed_upper":12.95,"ICUbed_mean":2.3377,"ICUbed_lower":2.1,"ICUbed_upper":2.7,"InvVen_mean":2.2447,"InvVen_lower":2.05,"InvVen_upper":2.55,"deaths_mean":0.0,"deaths_lower":0,"deaths_upper":0,"admis_mean":4.7084,"admis_lower":3.2,"admis_upper":7.1,"newICU_mean":1.3377,"newICU_lower":1.1,"newICU_upper":1.7,"totdea_mean":0.0,"totdea_lower":0,"totdea_upper":0,"bedover_mean":0,"bedover_lower":0,"bedover_upper":0,"icuover_mean":0,"icuover_lower":0,"icuover_upper":0,"deaths":30.0,"cases":0.0},{"index":"2020-03-14T00:00:00.000Z","Executive Orders ":null,"V1":20748,"location_name":"Oregon","location_id":560,"allbed_mean":14.1848,"allbed_lower":11.05,"allbed_upper":18.20125,"ICUbed_mean":3.3377,"ICUbed_lower":3.1,"ICUbed_upper":3.7,"InvVen_mean":3.2447,"InvVen_lower":3.05,"InvVen_upper":3.55,"deaths_mean":0.0,"deaths_lower":0,"deaths_upper":0,"admis_mean":4.71585,"admis_lower":3.2,"admis_upper":7.15125,"newICU_mean":1.0,"newICU_lower":1.0,"newICU_upper":1.0,"totdea_mean":0.0,"totdea_lower":0,"totdea_upper":0,"bedover_mean":0,"bedover_lower":0,"bedover_upper":0,"icuover_mean":0,"icuover_lower":0,"icuover_upper":0,"deaths":36.0,"cases":1.0},{"index":"2020-03-15T00:00:00.000Z","Executive Orders ":null,"V1":20749,"location_name":"Oregon","location_id":560,"allbed_mean":14.1848,"allbed_lower":11.05,"allbed_upper":18.20125,"ICUbed_mean":3.3377,"ICUbed_lower":3.1,"ICUbed_upper":3.7,"InvVen_mean":3.2447,"InvVen_lower":3.05,"InvVen_upper":3.55,"deaths_mean":1.0,"deaths_lower":1,"deaths_upper":1,"admis_mean":0.0,"admis_lower":0.0,"admis_upper":0.0,"newICU_mean":0.0,"newICU_lower":0.0,"newICU_upper":0.0,"totdea_mean":1.0,"totdea_lower":1,"totdea_upper":1,"bedover_mean":0,"bedover_lower":0,"bedover_upper":0,"icuover_mean":0,"icuover_lower":0,"icuover_upper":0,"deaths":39.0,"cases":1.0},{"index":"2020-03-16T00:00:00.000Z","Executive Orders ":"The Governor announced new statewide actions for the next four weeks regarding social distancing to reduce the spread of COVID-19.","V1":20750,"location_name":"Oregon","location_id":560,"allbed_mean":22.6714,"allbed_lower":18.49875,"allbed_upper":27.95125,"ICUbed_mean":4.6694,"ICUbed_lower":4.3,"ICUbed_upper":5.15,"InvVen_mean":4.4892,"InvVen_lower":4.19875,"InvVen_upper":4.9,"deaths_mean":0.0,"deaths_lower":0,"deaths_upper":0,"admis_mean":9.4866,"admis_lower":6.95,"admis_upper":12.85125,"newICU_mean":2.3317,"newICU_lower":2.1,"newICU_upper":2.65125,"totdea_mean":1.0,"totdea_lower":1,"totdea_upper":1,"bedover_mean":0,"bedover_lower":0,"bedover_upper":0,"icuover_mean":0,"icuover_lower":0,"icuover_upper":0,"deaths":46.0,"cases":1.0},{"index":"2020-03-17T00:00:00.000Z","Executive Orders ":"The Governor signed an executive order which extended statewide school closures until April 28. <br>  The Governor announced an extension of the statewide school closure to a total of six weeks, until April 28, and issued further guidance for Oregon\u2019s public schools.","V1":20751,"location_name":"Oregon","location_id":560,"allbed_mean":19.24855,"allbed_lower":15.54875,"allbed_upper":23.9025,"ICUbed_mean":4.99615,"ICUbed_lower":4.5,"ICUbed_upper":5.6,"InvVen_mean":4.73305,"InvVen_lower":4.35,"InvVen_upper":5.2,"deaths_mean":0.0,"deaths_lower":0,"deaths_upper":0,"admis_mean":0.0,"admis_lower":0.0,"admis_upper":0.0,"newICU_mean":0.32675,"newICU_lower":0.05,"newICU_upper":0.65,"totdea_mean":1.0,"totdea_lower":1,"totdea_upper":1,"bedover_mean":0,"bedover_lower":0,"bedover_upper":0,"icuover_mean":0,"icuover_lower":0,"icuover_upper":0,"deaths":66.0,"cases":2.0},{"index":"2020-03-18T00:00:00.000Z","Executive Orders ":"The Governor directed all Oregon hospitals, outpatient clinics, and health care providers, including veterinarians and dentists, to cease all non-emergency medical procedures to conserve personal protective equipment.","V1":20752,"location_name":"Oregon","location_id":560,"allbed_mean":19.24855,"allbed_lower":15.54875,"allbed_upper":23.9025,"ICUbed_mean":4.99615,"ICUbed_lower":4.5,"ICUbed_upper":5.6,"InvVen_mean":4.73305,"InvVen_lower":4.35,"InvVen_upper":5.2,"deaths_mean":1.0,"deaths_lower":1,"deaths_upper":1,"admis_mean":0.0,"admis_lower":0.0,"admis_upper":0.0,"newICU_mean":0.0,"newICU_lower":0.0,"newICU_upper":0.0,"totdea_mean":2.0,"totdea_lower":2,"totdea_upper":2,"bedover_mean":0,"bedover_lower":0,"bedover_upper":0,"icuover_mean":0,"icuover_lower":0,"icuover_upper":0,"deaths":74.0,"cases":3.0},{"index":"2020-03-19T00:00:00.000Z","Executive Orders ":null,"V1":20753,"location_name":"Oregon","location_id":560,"allbed_mean":32.4801,"allbed_lower":27.15,"allbed_upper":38.8025,"ICUbed_mean":7.6526,"ICUbed_lower":7.0,"ICUbed_upper":8.4,"InvVen_mean":7.21955,"InvVen_lower":6.69875,"InvVen_upper":7.85,"deaths_mean":1.0,"deaths_lower":1,"deaths_upper":1,"admis_mean":14.23155,"admis_lower":11.05,"admis_upper":18.4,"newICU_mean":3.65645,"newICU_lower":3.29875,"newICU_upper":4.15,"totdea_mean":3.0,"totdea_lower":3,"totdea_upper":3,"bedover_mean":0,"bedover_lower":0,"bedover_upper":0,"icuover_mean":0,"icuover_lower":0,"icuover_upper":0,"deaths":87.0,"cases":3.0},{"index":"2020-03-20T00:00:00.000Z","Executive Orders ":null,"V1":20754,"location_name":"Oregon","location_id":560,"allbed_mean":37.53445,"allbed_lower":31.99875,"allbed_upper":44.65125,"ICUbed_mean":8.6526,"ICUbed_lower":8.0,"ICUbed_upper":9.4,"InvVen_mean":8.21955,"InvVen_lower":7.69875,"InvVen_upper":8.85,"deaths_mean":0.0,"deaths_lower":0,"deaths_upper":0,"admis_mean":9.43105,"admis_lower":7.0,"admis_upper":12.70125,"newICU_mean":2.0,"newICU_lower":2.0,"newICU_upper":2.0,"totdea_mean":3.0,"totdea_lower":3,"totdea_upper":3,"bedover_mean":0,"bedover_lower":0,"bedover_upper":0,"icuover_mean":0,"icuover_lower":0,"icuover_upper":0,"deaths":114.0,"cases":3.0},{"index":"2020-03-21T00:00:00.000Z","Executive Orders ":null,"V1":20755,"location_name":"Oregon","location_id":560,"allbed_mean":38.8429,"allbed_lower":33.5,"allbed_upper":45.40125,"ICUbed_mean":9.6526,"ICUbed_lower":9.0,"ICUbed_upper":10.4,"InvVen_mean":9.21955,"InvVen_lower":8.69875,"InvVen_upper":9.85,"deaths_mean":2.0,"deaths_lower":2,"deaths_upper":2,"admis_mean":4.69755,"admis_lower":3.15,"admis_upper":7.25125,"newICU_mean":1.0,"newICU_lower":1.0,"newICU_upper":1.0,"totdea_mean":5.0,"totdea_lower":5,"totdea_upper":5,"bedover_mean":0,"bedover_lower":0,"bedover_upper":0,"icuover_mean":0,"icuover_lower":0,"icuover_upper":0,"deaths":137.0,"cases":4.0},{"index":"2020-03-22T00:00:00.000Z","Executive Orders ":"The Governor issued Executive Order 20-11, placing a 90-day moratorium on residential evictions for nonpayment.","V1":20756,"location_name":"Oregon","location_id":560,"allbed_mean":41.60725,"allbed_lower":35.8,"allbed_upper":49.005,"ICUbed_mean":9.6512,"ICUbed_lower":8.85,"ICUbed_upper":10.55,"InvVen_mean":8.95545,"InvVen_lower":8.3,"InvVen_upper":9.75,"deaths_mean":0.0,"deaths_lower":0,"deaths_upper":0,"admis_mean":4.76435,"admis_lower":3.2,"admis_upper":7.4,"newICU_mean":1.9986,"newICU_lower":1.5,"newICU_upper":2.55,"totdea_mean":5.0,"totdea_lower":5,"totdea_upper":5,"bedover_mean":0,"bedover_lower":0,"bedover_upper":0,"icuover_mean":0,"icuover_lower":0,"icuover_upper":0,"deaths":161.0,"cases":5.0},{"index":"2020-03-23T00:00:00.000Z","Executive Orders ":"The Governor issued Executive Order 20-12, directing Oregonians to stay at home to the maximum extent possible, outlining new guidance for child care facilities, and expanding the list of businesses that will be temporarily closed.","V1":20757,"location_name":"Oregon","location_id":560,"allbed_mean":39.528,"allbed_lower":33.85,"allbed_upper":46.3,"ICUbed_mean":11.2975,"ICUbed_lower":10.4,"ICUbed_upper":12.3,"InvVen_mean":10.4301,"InvVen_lower":9.64875,"InvVen_upper":11.25,"deaths_mean":0.0,"deaths_lower":0,"deaths_upper":0,"admis_mean":4.7509,"admis_lower":3.2,"admis_upper":7.25125,"newICU_mean":1.6463,"newICU_lower":1.3,"newICU_upper":2.1,"totdea_mean":5.0,"totdea_lower":5,"totdea_upper":5,"bedover_mean":0,"bedover_lower":0,"bedover_upper":0,"icuover_mean":0,"icuover_lower":0,"icuover_upper":0,"deaths":191.0,"cases":5.0},{"index":"2020-03-24T00:00:00.000Z","Executive Orders ":null,"V1":20758,"location_name":"Oregon","location_id":560,"allbed_mean":39.528,"allbed_lower":33.85,"allbed_upper":46.3,"ICUbed_mean":11.6255,"ICUbed_lower":10.65,"ICUbed_upper":12.70125,"InvVen_mean":10.6752,"InvVen_lower":9.85,"InvVen_upper":11.55,"deaths_mean":3.0,"deaths_lower":3,"deaths_upper":3,"admis_mean":0.0,"admis_lower":0.0,"admis_upper":0.0,"newICU_mean":0.328,"newICU_lower":0.05,"newICU_upper":0.65125,"totdea_mean":8.0,"totdea_lower":8,"totdea_upper":8,"bedover_mean":0,"bedover_lower":0,"bedover_upper":0,"icuover_mean":0,"icuover_lower":0,"icuover_upper":0,"deaths":209.0,"cases":8.0},{"index":"2020-03-25T00:00:00.000Z","Executive Orders ":"The Oregon Department of Consumer and Business Services issued a temporary emergency order requiring insurance companies to extend grace periods for premium payments, postpone policy cancellations and nonrenewals, and extend deadlines for reporting claims. <br> The Governor and the Oregon Department of Revenue announced an extension through July 15 for Oregon tax filing and payment deadlines for personal income taxes and some other taxes, such as corporate income and excise taxpayers. <br> The Governor called on the federal government to open a special enrollment period for Oregonians to buy health insurance and apply for federal subsidies through HealthCare.gov. Specifically, the Governor requested that the enrollment period open immediately and last at least 30 days. <br> The Centers for Medicare & Medicaid Services (CMS) approved Oregon\u2019s request for a Section 1135 Medicaid waiver. The approved waiver enables Oregon to provide flexibilities in Medicaid provider screening and enrollment, forgo certain pre-admission screening and annual resident review assessments, lift prior authorization requirements, allow for reimbursement facility services in alternative settings, extend fair hearing timelines, and waive public comment and tribal consultation requirements for certain changes to the Medicaid state plan.","V1":20759,"location_name":"Oregon","location_id":560,"allbed_mean":50.8069,"allbed_lower":44.4,"allbed_upper":58.85,"ICUbed_mean":11.96055,"ICUbed_lower":10.94875,"ICUbed_upper":13.1,"InvVen_mean":10.9217,"InvVen_lower":10.0,"InvVen_upper":11.9,"deaths_mean":2.0,"deaths_lower":2,"deaths_upper":2,"admis_mean":14.2789,"admis_lower":11.04875,"admis_upper":18.15125,"newICU_mean":3.33505,"newICU_lower":3.1,"newICU_upper":3.65125,"totdea_mean":10.0,"totdea_lower":10,"totdea_upper":10,"bedover_mean":0,"bedover_lower":0,"bedover_upper":0,"icuover_mean":0,"icuover_lower":0,"icuover_upper":0,"deaths":266.0,"cases":10.0},{"index":"2020-03-26T00:00:00.000Z","Executive Orders ":"The Governor\u2019s office announced the Creation of the \u201cSmall Business Stabilization Fund\u201d within the Oregon Community Foundation with an initial contribution of $700,000 from the Oregon Growth Fund.","V1":20760,"location_name":"Oregon","location_id":560,"allbed_mean":48.09665,"allbed_lower":41.95,"allbed_upper":55.3525,"ICUbed_mean":11.96005,"ICUbed_lower":11.0,"ICUbed_upper":13.15,"InvVen_mean":10.92735,"InvVen_lower":10.05,"InvVen_upper":11.85,"deaths_mean":1.0,"deaths_lower":1,"deaths_upper":1,"admis_mean":9.5227,"admis_lower":7.05,"admis_upper":13.15125,"newICU_mean":2.3372,"newICU_lower":2.05,"newICU_upper":2.7,"totdea_mean":11.0,"totdea_lower":11,"totdea_upper":11,"bedover_mean":0,"bedover_lower":0,"bedover_upper":0,"icuover_mean":0,"icuover_lower":0,"icuover_upper":0,"deaths":316.0,"cases":11.0},{"index":"2020-03-27T00:00:00.000Z","Executive Orders ":"The Governor issued guidance on Executive Order 20-12, which directed Oregonians to \u201cStay Home, Save Lives.\u201d Specifically, the guidance clarified:\nSocial service agencies providing for basic food, water, shelter, and hygiene needs of any person who is unable to meet those same needs without the service providers should remain open; and,\nPeople experiencing unsheltered homelessness are not subject to enforcement under the executive order simply since they are in public and unable to stay at home.","V1":20761,"location_name":"Oregon","location_id":560,"allbed_mean":45.00025,"allbed_lower":39.19875,"allbed_upper":52.05,"ICUbed_mean":11.96005,"ICUbed_lower":11.0,"ICUbed_upper":13.15,"InvVen_mean":10.92735,"InvVen_lower":10.05,"InvVen_upper":11.85,"deaths_mean":1.0,"deaths_lower":1,"deaths_upper":1,"admis_mean":4.68835,"admis_lower":3.15,"admis_upper":7.25125,"newICU_mean":1.0,"newICU_lower":1.0,"newICU_upper":1.0,"totdea_mean":12.0,"totdea_lower":12,"totdea_upper":12,"bedover_mean":0,"bedover_lower":0,"bedover_upper":0,"icuover_mean":0,"icuover_lower":0,"icuover_upper":0,"deaths":414.0,"cases":12.0},{"index":"2020-03-28T00:00:00.000Z","Executive Orders ":"The Governor launched a statewide public awareness campaign to inform Oregonians about the urgent importance of staying home to save lives.","V1":20762,"location_name":"Oregon","location_id":560,"allbed_mean":50.1237,"allbed_lower":43.75,"allbed_upper":57.55125,"ICUbed_mean":13.95445,"ICUbed_lower":12.85,"ICUbed_upper":15.25125,"InvVen_mean":12.66235,"InvVen_lower":11.7,"InvVen_upper":13.7,"deaths_mean":1.0,"deaths_lower":1,"deaths_upper":1,"admis_mean":9.493,"admis_lower":7.15,"admis_upper":13.20125,"newICU_mean":2.9944,"newICU_lower":2.5,"newICU_upper":3.55,"totdea_mean":13.0,"totdea_lower":13,"totdea_upper":13,"bedover_mean":0,"bedover_lower":0,"bedover_upper":0,"icuover_mean":0,"icuover_lower":0,"icuover_upper":0,"deaths":479.0,"cases":13.0},{"index":"2020-03-29T00:00:00.000Z","Executive Orders ":"The Governor announced the state\u2019s major disaster declaration was approved by the President, with funding that would provide for:\nManagement, control and reduction of immediate threats to public health and safety;\nEmergency operation and coordination costs;\nMedical sheltering; and,\nPurchase and distribution of food, water, medicine and other consumable supplies, including personal protective equipment.","V1":20763,"location_name":"Oregon","location_id":560,"allbed_mean":50.43035,"allbed_lower":44.15,"allbed_upper":58.0,"ICUbed_mean":14.2884,"ICUbed_lower":13.15,"ICUbed_upper":15.6,"InvVen_mean":12.90345,"InvVen_lower":11.9,"InvVen_upper":13.95,"deaths_mean":0.0,"deaths_lower":0,"deaths_upper":0,"admis_mean":4.73595,"admis_lower":3.2,"admis_upper":7.3,"newICU_mean":1.66565,"newICU_lower":1.3,"newICU_upper":2.2,"totdea_mean":13.0,"totdea_lower":13,"totdea_upper":13,"bedover_mean":0,"bedover_lower":0,"bedover_upper":0,"icuover_mean":0,"icuover_lower":0,"icuover_upper":0,"deaths":548.0,"cases":13.0},{"index":"2020-03-30T00:00:00.000Z","Executive Orders ":null,"V1":20764,"location_name":"Oregon","location_id":560,"allbed_mean":46.67895,"allbed_lower":40.8,"allbed_upper":54.2,"ICUbed_mean":14.2927,"ICUbed_lower":13.1,"ICUbed_upper":15.65,"InvVen_mean":12.90335,"InvVen_lower":11.9,"InvVen_upper":13.9,"deaths_mean":3.0,"deaths_lower":3,"deaths_upper":3,"admis_mean":0.0,"admis_lower":0.0,"admis_upper":0.0,"newICU_mean":0.33105,"newICU_lower":0.05,"newICU_upper":0.65,"totdea_mean":16.0,"totdea_lower":16,"totdea_upper":16,"bedover_mean":0,"bedover_lower":0,"bedover_upper":0,"icuover_mean":0,"icuover_lower":0,"icuover_upper":0,"deaths":606.0,"cases":16.0},{"index":"2020-03-31T00:00:00.000Z","Executive Orders ":"The Governor announced a shipment of personal protective equipment was received from the Federal Emergency Management Agency (FEMA). The state will immediately begin processing and shipping those supplies to all 36 counties and 9 tribes, which should expect to receive shipments by or before April 6. <br> he Division of Financial Regulations highlighted three coronavirus scams for Oregonians to avoid:\nScams claiming to have top-secret vaccine or miracle cure, or claiming to offer government assistance or economic relief;\nScams requiring downloads to view coronavirus maps; and,\nScams using the market downturn to convince consumers to invest in a product with a guaranteed or very high return, including investments tied to COVID-19, such as medical supplies, vaccines, and other treatments.","V1":20765,"location_name":"Oregon","location_id":560,"allbed_mean":67.432,"allbed_lower":60.2475,"allbed_upper":75.65,"ICUbed_mean":16.94935,"ICUbed_lower":15.75,"ICUbed_upper":18.4,"InvVen_mean":15.3879,"InvVen_lower":14.39875,"InvVen_upper":16.55,"deaths_mean":2.0,"deaths_lower":2,"deaths_upper":2,"admis_mean":23.75305,"admis_lower":19.64875,"admis_upper":28.80125,"newICU_mean":5.65665,"newICU_lower":5.25,"newICU_upper":6.15,"totdea_mean":18.0,"totdea_lower":18,"totdea_upper":18,"bedover_mean":0,"bedover_lower":0,"bedover_upper":0,"icuover_mean":0,"icuover_lower":0,"icuover_upper":0,"deaths":690.0,"cases":18.0},{"index":"2020-04-01T00:00:00.000Z","Executive Orders ":"The Governor issued Executive Order 20-13, placing a 90-day moratorium on commercial evictions for nonpayment due to business closures, specifically prohibiting landlords from charging tenants late fees for nonpayment of rent during the moratorium.","V1":20766,"location_name":"Oregon","location_id":560,"allbed_mean":55.1475,"allbed_lower":49.0,"allbed_upper":62.40125,"ICUbed_mean":14.62365,"ICUbed_lower":13.35,"ICUbed_upper":15.9,"InvVen_mean":13.1475,"InvVen_lower":12.1,"InvVen_upper":14.25,"deaths_mean":1.0,"deaths_lower":1,"deaths_upper":1,"admis_mean":0.0,"admis_lower":0.0,"admis_upper":0.0,"newICU_mean":0.33075,"newICU_lower":0.1,"newICU_upper":0.7,"totdea_mean":19.0,"totdea_lower":19,"totdea_upper":19,"bedover_mean":0,"bedover_lower":0,"bedover_upper":0,"icuover_mean":0,"icuover_lower":0,"icuover_upper":0,"deaths":736.0,"cases":19.0},{"index":"2020-04-02T00:00:00.000Z","Executive Orders ":"The Governor launched the Coronavirus Small Business Resource Navigator to connect small businesses to financial support and the information they need to ensure business sustainability. ","V1":20767,"location_name":"Oregon","location_id":560,"allbed_mean":56.4722,"allbed_lower":50.19875,"allbed_upper":63.85375,"ICUbed_mean":15.62365,"ICUbed_lower":14.35,"ICUbed_upper":16.9,"InvVen_mean":14.1475,"InvVen_lower":13.1,"InvVen_upper":15.25,"deaths_mean":2.0,"deaths_lower":2,"deaths_upper":2,"admis_mean":9.51345,"admis_lower":7.05,"admis_upper":12.95,"newICU_mean":2.0,"newICU_lower":2.0,"newICU_upper":2.0,"totdea_mean":21.0,"totdea_lower":21,"totdea_upper":21,"bedover_mean":0,"bedover_lower":0,"bedover_upper":0,"icuover_mean":0,"icuover_lower":0,"icuover_upper":0,"deaths":826.0,"cases":21.0},{"index":"2020-04-03T00:00:00.000Z","Executive Orders ":"The Governor launched the Coronavirus Small Business Resource Navigator, which will help connect small businesses to financial support and information they need to stay in business.","V1":20768,"location_name":"Oregon","location_id":560,"allbed_mean":69.77465,"allbed_lower":62.1975,"allbed_upper":77.80125,"ICUbed_mean":19.27125,"ICUbed_lower":17.95,"ICUbed_upper":20.75,"InvVen_mean":17.3615,"InvVen_lower":16.2,"InvVen_upper":18.55,"deaths_mean":1.0,"deaths_lower":1,"deaths_upper":1,"admis_mean":18.9865,"admis_lower":15.24875,"admis_upper":23.4,"newICU_mean":5.6476,"newICU_lower":5.05,"newICU_upper":6.3,"totdea_mean":22.0,"totdea_lower":22,"totdea_upper":22,"bedover_mean":0,"bedover_lower":0,"bedover_upper":0,"icuover_mean":0,"icuover_lower":0,"icuover_upper":0,"deaths":899.0,"cases":22.0},{"index":"2020-04-04T00:00:00.000Z","Executive Orders ":"The Governor offered New York 140 ventilators to assist with the state\u2019s medical surge.","V1":20769,"location_name":"Oregon","location_id":560,"allbed_mean":114.02605,"allbed_lower":104.34875,"allbed_upper":124.7025,"ICUbed_mean":28.27265,"ICUbed_lower":26.95,"ICUbed_upper":29.6,"InvVen_mean":26.6256,"InvVen_lower":25.5,"InvVen_upper":27.75,"deaths_mean":0.0,"deaths_lower":0,"deaths_upper":0,"admis_mean":52.08775,"admis_lower":45.25,"admis_upper":59.95375,"newICU_mean":11.0,"newICU_lower":11.0,"newICU_upper":11.0,"totdea_mean":22.0,"totdea_lower":22,"totdea_upper":22,"bedover_mean":0,"bedover_lower":0,"bedover_upper":0,"icuover_mean":0,"icuover_lower":0,"icuover_upper":0,"deaths":999.0,"cases":26.0},{"index":"2020-04-05T00:00:00.000Z","Executive Orders ":null,"V1":20770,"location_name":"Oregon","location_id":560,"allbed_mean":109.9644,"allbed_lower":100.74875,"allbed_upper":120.6,"ICUbed_mean":28.29155,"ICUbed_lower":27.0,"ICUbed_upper":29.75,"InvVen_mean":26.64045,"InvVen_lower":25.59875,"InvVen_upper":27.8,"deaths_mean":5.0,"deaths_lower":5,"deaths_upper":5,"admis_mean":0.0,"admis_lower":0.0,"admis_upper":0.0,"newICU_mean":0.6652,"newICU_lower":0.3,"newICU_upper":1.15,"totdea_mean":27.0,"totdea_lower":27,"totdea_upper":27,"bedover_mean":0,"bedover_lower":0,"bedover_upper":0,"icuover_mean":0,"icuover_lower":0,"icuover_upper":0,"deaths":1068.0,"cases":27.0},{"index":"2020-04-06T00:00:00.000Z","Executive Orders ":null,"V1":20771,"location_name":"Oregon","location_id":560,"allbed_mean":124.02105,"allbed_lower":113.5475,"allbed_upper":135.45125,"ICUbed_mean":28.281,"ICUbed_lower":26.95,"ICUbed_upper":29.75,"InvVen_mean":26.36385,"InvVen_lower":25.3,"InvVen_upper":27.55,"deaths_mean":0.0,"deaths_lower":0,"deaths_upper":0,"admis_mean":19.05665,"admis_lower":15.09875,"admis_upper":23.95125,"newICU_mean":5.31745,"newICU_lower":4.7,"newICU_upper":5.95,"totdea_mean":27.0,"totdea_lower":27,"totdea_upper":27,"bedover_mean":0,"bedover_lower":0,"bedover_upper":0,"icuover_mean":0,"icuover_lower":0,"icuover_upper":0,"deaths":1132.0,"cases":29.0},{"index":"2020-04-07T00:00:00.000Z","Executive Orders ":"The Governor convened the Oregon COVID-19 Medical Advisory Panel to begin developing recommendations to the Governor to address the needs of the health care system, provide advice and input, and serve as a resource to the Oregon Health Authority.","V1":20772,"location_name":"Oregon","location_id":560,"allbed_mean":125.7123,"allbed_lower":115.29125,"allbed_upper":136.95,"ICUbed_mean":35.599,"ICUbed_lower":34.0,"ICUbed_upper":37.35,"InvVen_mean":32.80865,"InvVen_lower":31.55,"InvVen_upper":34.25,"deaths_mean":2.0,"deaths_lower":2,"deaths_upper":2,"admis_mean":18.7967,"admis_lower":15.0,"admis_upper":23.4025,"newICU_mean":7.65305,"newICU_lower":6.7,"newICU_upper":8.70125,"totdea_mean":29.0,"totdea_lower":29,"totdea_upper":29,"bedover_mean":0,"bedover_lower":0,"bedover_upper":0,"icuover_mean":0,"icuover_lower":0,"icuover_upper":0,"deaths":1181.0,"cases":33.0},{"index":"2020-04-07T00:00:00.000Z","Executive Orders ":"The Governor issued an executive order aligning the effective date for the prohibition on dine-in food and drink consumption with that of their Stay Home, Save Lives order.","V1":20772,"location_name":"Oregon","location_id":560,"allbed_mean":125.7123,"allbed_lower":115.29125,"allbed_upper":136.95,"ICUbed_mean":35.599,"ICUbed_lower":34.0,"ICUbed_upper":37.35,"InvVen_mean":32.80865,"InvVen_lower":31.55,"InvVen_upper":34.25,"deaths_mean":2.0,"deaths_lower":2,"deaths_upper":2,"admis_mean":18.7967,"admis_lower":15.0,"admis_upper":23.4025,"newICU_mean":7.65305,"newICU_lower":6.7,"newICU_upper":8.70125,"totdea_mean":29.0,"totdea_lower":29,"totdea_upper":29,"bedover_mean":0,"bedover_lower":0,"bedover_upper":0,"icuover_mean":0,"icuover_lower":0,"icuover_upper":0,"deaths":1181.0,"cases":33.0},{"index":"2020-04-08T00:00:00.000Z","Executive Orders ":"The Governor extended school closures for the K-12 and post-secondary education systems through the end of the current academic term and school year.","V1":20773,"location_name":"Oregon","location_id":560,"allbed_mean":127.4369,"allbed_lower":116.74875,"allbed_upper":138.90625,"ICUbed_mean":34.2618,"ICUbed_lower":32.65,"ICUbed_upper":35.95,"InvVen_mean":31.5583,"InvVen_lower":30.3,"InvVen_upper":33.00125,"deaths_mean":4.0,"deaths_lower":4,"deaths_upper":4,"admis_mean":4.7232,"admis_lower":3.25,"admis_upper":7.45125,"newICU_mean":1.0,"newICU_lower":1.0,"newICU_upper":1.0,"totdea_mean":33.0,"totdea_lower":33,"totdea_upper":33,"bedover_mean":0,"bedover_lower":0,"bedover_upper":0,"icuover_mean":0,"icuover_lower":0,"icuover_upper":0,"deaths":1239.0,"cases":38.0},{"index":"2020-04-08T00:00:00.000Z","Executive Orders ":"The Oregon Department of Education released Graduation Pathways 2020, guidance detailing how Oregon\u2019s high school seniors can earn their final set of high school credits and graduate on-time.","V1":20773,"location_name":"Oregon","location_id":560,"allbed_mean":127.4369,"allbed_lower":116.74875,"allbed_upper":138.90625,"ICUbed_mean":34.2618,"ICUbed_lower":32.65,"ICUbed_upper":35.95,"InvVen_mean":31.5583,"InvVen_lower":30.3,"InvVen_upper":33.00125,"deaths_mean":4.0,"deaths_lower":4,"deaths_upper":4,"admis_mean":4.7232,"admis_lower":3.25,"admis_upper":7.45125,"newICU_mean":1.0,"newICU_lower":1.0,"newICU_upper":1.0,"totdea_mean":33.0,"totdea_lower":33,"totdea_upper":33,"bedover_mean":0,"bedover_lower":0,"bedover_upper":0,"icuover_mean":0,"icuover_lower":0,"icuover_upper":0,"deaths":1239.0,"cases":38.0},{"index":"2020-04-09T00:00:00.000Z","Executive Orders ":"The Oregon Department of Revenue reminded businesses and individuals who pay their corporate or personal income tax quarterly that estimated payments for the first quarter 2020 are due April 15.","V1":20774,"location_name":"Oregon","location_id":560,"allbed_mean":125.3757,"allbed_lower":114.7975,"allbed_upper":136.8025,"ICUbed_mean":33.58355,"ICUbed_lower":31.9,"ICUbed_upper":35.45,"InvVen_mean":30.5308,"InvVen_lower":29.25,"InvVen_upper":32.0,"deaths_mean":11.0,"deaths_lower":11,"deaths_upper":11,"admis_mean":9.43335,"admis_lower":6.95,"admis_upper":12.85,"newICU_mean":3.32175,"newICU_lower":2.75,"newICU_upper":4.05,"totdea_mean":44.0,"totdea_lower":44,"totdea_upper":44,"bedover_mean":0,"bedover_lower":0,"bedover_upper":0,"icuover_mean":0,"icuover_lower":0,"icuover_upper":0,"deaths":1321.0,"cases":44.0},{"index":"2020-04-09T00:00:00.000Z","Executive Orders ":"The Governor announced the state has distributed its first Abbott ID NOW rapid testing instruments to three rural Oregon hospitals.","V1":20774,"location_name":"Oregon","location_id":560,"allbed_mean":125.3757,"allbed_lower":114.7975,"allbed_upper":136.8025,"ICUbed_mean":33.58355,"ICUbed_lower":31.9,"ICUbed_upper":35.45,"InvVen_mean":30.5308,"InvVen_lower":29.25,"InvVen_upper":32.0,"deaths_mean":11.0,"deaths_lower":11,"deaths_upper":11,"admis_mean":9.43335,"admis_lower":6.95,"admis_upper":12.85,"newICU_mean":3.32175,"newICU_lower":2.75,"newICU_upper":4.05,"totdea_mean":44.0,"totdea_lower":44,"totdea_upper":44,"bedover_mean":0,"bedover_lower":0,"bedover_upper":0,"icuover_mean":0,"icuover_lower":0,"icuover_upper":0,"deaths":1321.0,"cases":44.0},{"index":"2020-04-10T00:00:00.000Z","Executive Orders ":"The Governor received 78 pallets of personal protective equipment (PPE) from the U.S. Agency for International Development (USAID), replenishing the state\u2019s stockpiles of critically needed N95 masks and other PPE.","V1":20775,"location_name":"Oregon","location_id":560,"allbed_mean":114.6919,"allbed_lower":104.04125,"allbed_upper":126.60375,"ICUbed_mean":25.8927,"ICUbed_lower":24.05,"ICUbed_upper":27.6,"InvVen_mean":22.7595,"InvVen_lower":21.34875,"InvVen_upper":24.2,"deaths_mean":0.0,"deaths_lower":0,"deaths_upper":0,"admis_mean":14.31325,"admis_lower":11.1,"admis_upper":18.65125,"newICU_mean":4.30355,"newICU_lower":3.75,"newICU_upper":4.95,"totdea_mean":44.0,"totdea_lower":44,"totdea_upper":44,"bedover_mean":0,"bedover_lower":0,"bedover_upper":0,"icuover_mean":0,"icuover_lower":0,"icuover_upper":0,"deaths":1371.0,"cases":48.0},{"index":"2020-04-11T00:00:00.000Z","Executive Orders ":"The Department of Human Services and Oregon Health Authority launched a multi-agency support team to assess the needs of long-term care facilities experiencing increased cases and help them access resource to prevent further transmission among residents and staff.","V1":20776,"location_name":"Oregon","location_id":560,"allbed_mean":105.37915,"allbed_lower":95.8975,"allbed_upper":116.1,"ICUbed_mean":31.55355,"ICUbed_lower":29.8,"ICUbed_upper":33.30125,"InvVen_mean":28.51355,"InvVen_lower":27.1,"InvVen_upper":29.9,"deaths_mean":4.0,"deaths_lower":4,"deaths_upper":4,"admis_mean":28.457,"admis_lower":23.69875,"admis_upper":34.15125,"newICU_mean":6.3265,"newICU_lower":6.1,"newICU_upper":6.65,"totdea_mean":48.0,"totdea_lower":48,"totdea_upper":48,"bedover_mean":0,"bedover_lower":0,"bedover_upper":0,"icuover_mean":0,"icuover_lower":0,"icuover_upper":0,"deaths":1447.0,"cases":51.0},{"index":"2020-04-12T00:00:00.000Z","Executive Orders ":null,"V1":20777,"location_name":"Oregon","location_id":560,"allbed_mean":129.47415,"allbed_lower":118.64625,"allbed_upper":142.10125,"ICUbed_mean":33.87775,"ICUbed_lower":32.09875,"ICUbed_upper":35.65,"InvVen_mean":30.75595,"InvVen_lower":29.4,"InvVen_upper":32.2,"deaths_mean":4.0,"deaths_lower":4,"deaths_upper":4,"admis_mean":28.4322,"admis_lower":23.85,"admis_upper":34.15125,"newICU_mean":6.65525,"newICU_lower":6.3,"newICU_upper":7.15,"totdea_mean":52.0,"totdea_lower":52,"totdea_upper":52,"bedover_mean":0,"bedover_lower":0,"bedover_upper":0,"icuover_mean":0,"icuover_lower":0,"icuover_upper":0,"deaths":1527.0,"cases":52.0},{"index":"2020-04-13T00:00:00.000Z","Executive Orders ":"The Governor announced a regional partnership with California Governor Gavin Newsom and Washington Governor Jay Inslee to create a shared vision for reopening their economies and harmonize lifting social distancing measures. The Governors have centered on four overarching goals:\nProtect vulnerable populations at risk for severe disease if infected;\nEnsure an ability to care for those who may become sick with COVID-19 and other conditions;\nMitigate the non-direct COVID-19 health impacts, particularly in disadvantaged communities; and,\nProtect the public by ensuring any successful lifting of interventions includes the development of a system of testing, tracking and isolating.","V1":20778,"location_name":"Oregon","location_id":560,"allbed_mean":121.25355,"allbed_lower":111.1975,"allbed_upper":132.65125,"ICUbed_mean":32.22605,"ICUbed_lower":30.44875,"ICUbed_upper":34.05,"InvVen_mean":29.0086,"InvVen_lower":27.64875,"InvVen_upper":30.5,"deaths_mean":1.0,"deaths_lower":1,"deaths_upper":1,"admis_mean":9.5143,"admis_lower":7.05,"admis_upper":13.05,"newICU_mean":3.00495,"newICU_lower":2.5,"newICU_upper":3.65,"totdea_mean":53.0,"totdea_lower":53,"totdea_upper":53,"bedover_mean":0,"bedover_lower":0,"bedover_upper":0,"icuover_mean":0,"icuover_lower":0,"icuover_upper":0,"deaths":1584.0,"cases":53.0},{"index":"2020-04-13T00:00:00.000Z","Executive Orders ":"The Governor announced that the Oregon Army National Guard facilitated transportation and distribution of medical personal protective equipment to all 36 counties, nine tribal nations, and two tribal health agencies in order to enhance needed supply inventories.","V1":20778,"location_name":"Oregon","location_id":560,"allbed_mean":121.25355,"allbed_lower":111.1975,"allbed_upper":132.65125,"ICUbed_mean":32.22605,"ICUbed_lower":30.44875,"ICUbed_upper":34.05,"InvVen_mean":29.0086,"InvVen_lower":27.64875,"InvVen_upper":30.5,"deaths_mean":1.0,"deaths_lower":1,"deaths_upper":1,"admis_mean":9.5143,"admis_lower":7.05,"admis_upper":13.05,"newICU_mean":3.00495,"newICU_lower":2.5,"newICU_upper":3.65,"totdea_mean":53.0,"totdea_lower":53,"totdea_upper":53,"bedover_mean":0,"bedover_lower":0,"bedover_upper":0,"icuover_mean":0,"icuover_lower":0,"icuover_upper":0,"deaths":1584.0,"cases":53.0},{"index":"2020-04-13T00:00:00.000Z","Executive Orders ":"The Governor announced the state is ramping up its enforcement activity. Specifically, Oregon OSHA will begin systematically conducting spot checks to verify that employers are complying with the requirements \u2013 including closures to the public.","V1":20778,"location_name":"Oregon","location_id":560,"allbed_mean":121.25355,"allbed_lower":111.1975,"allbed_upper":132.65125,"ICUbed_mean":32.22605,"ICUbed_lower":30.44875,"ICUbed_upper":34.05,"InvVen_mean":29.0086,"InvVen_lower":27.64875,"InvVen_upper":30.5,"deaths_mean":1.0,"deaths_lower":1,"deaths_upper":1,"admis_mean":9.5143,"admis_lower":7.05,"admis_upper":13.05,"newICU_mean":3.00495,"newICU_lower":2.5,"newICU_upper":3.65,"totdea_mean":53.0,"totdea_lower":53,"totdea_upper":53,"bedover_mean":0,"bedover_lower":0,"bedover_upper":0,"icuover_mean":0,"icuover_lower":0,"icuover_upper":0,"deaths":1584.0,"cases":53.0},{"index":"2020-04-13T00:00:00.000Z","Executive Orders ":"The Employment Department announced that a glitch in the unemployment insurance system was telling people to start their claim process over from the beginning. They said that they were able to address many of these errors automatically and will have more information on their website as it becomes available.","V1":20778,"location_name":"Oregon","location_id":560,"allbed_mean":121.25355,"allbed_lower":111.1975,"allbed_upper":132.65125,"ICUbed_mean":32.22605,"ICUbed_lower":30.44875,"ICUbed_upper":34.05,"InvVen_mean":29.0086,"InvVen_lower":27.64875,"InvVen_upper":30.5,"deaths_mean":1.0,"deaths_lower":1,"deaths_upper":1,"admis_mean":9.5143,"admis_lower":7.05,"admis_upper":13.05,"newICU_mean":3.00495,"newICU_lower":2.5,"newICU_upper":3.65,"totdea_mean":53.0,"totdea_lower":53,"totdea_upper":53,"bedover_mean":0,"bedover_lower":0,"bedover_upper":0,"icuover_mean":0,"icuover_lower":0,"icuover_upper":0,"deaths":1584.0,"cases":53.0},{"index":"2020-04-14T00:00:00.000Z","Executive Orders ":"The Governor introduced their framework for Reopening Oregon: a plan to restart public life and business while maintaining healthy communities. Once certain prerequisites are met, Oregon can begin to reopen by:\nRamping up COVID-19 testing capacity in every region of Oregon;\nDeveloping robust contact tracing systems to track and contain COVID-19 cases; and,\nEstablishing a quarantine and isolation program for new cases.","V1":20779,"location_name":"Oregon","location_id":560,"allbed_mean":115.1626,"allbed_lower":105.6975,"allbed_upper":125.30375,"ICUbed_mean":34.8718,"ICUbed_lower":32.9,"ICUbed_upper":36.75125,"InvVen_mean":31.2179,"InvVen_lower":29.65,"InvVen_upper":32.75,"deaths_mean":2.0,"deaths_lower":2,"deaths_upper":2,"admis_mean":9.3966,"admis_lower":7.0,"admis_upper":12.7025,"newICU_mean":3.9765,"newICU_lower":3.3,"newICU_upper":4.8,"totdea_mean":55.0,"totdea_lower":55,"totdea_upper":55,"bedover_mean":0,"bedover_lower":0,"bedover_upper":0,"icuover_mean":0,"icuover_lower":0,"icuover_upper":0,"deaths":1633.0,"cases":55.0},{"index":"2020-04-15T00:00:00.000Z","Executive Orders ":null,"V1":20780,"location_name":"Oregon","location_id":560,"allbed_mean":113.8435,"allbed_lower":104.44875,"allbed_upper":123.8,"ICUbed_mean":35.8614,"ICUbed_lower":33.75,"ICUbed_upper":37.95125,"InvVen_mean":31.68965,"InvVen_lower":30.0,"InvVen_upper":33.35,"deaths_mean":3.0,"deaths_lower":3,"deaths_upper":3,"admis_mean":4.74325,"admis_lower":3.25,"admis_upper":7.40125,"newICU_mean":2.9896,"newICU_lower":2.3,"newICU_upper":3.75125,"totdea_mean":58.0,"totdea_lower":58,"totdea_upper":58,"bedover_mean":0,"bedover_lower":0,"bedover_upper":0,"icuover_mean":0,"icuover_lower":0,"icuover_upper":0,"deaths":1663.0,"cases":58.0},{"index":"2020-04-16T00:00:00.000Z","Executive Orders ":"The Governor issued an executive order directing state and local governments to take necessary measures to facilitate public participation in decision-making \u2013 stressing the importance of civic engagement on the path to recovery.","V1":20781,"location_name":"Oregon","location_id":560,"allbed_mean":117.9157,"allbed_lower":108.39875,"allbed_upper":128.25125,"ICUbed_mean":34.87675,"ICUbed_lower":32.84875,"ICUbed_upper":36.95125,"InvVen_mean":30.9591,"InvVen_lower":29.35,"InvVen_upper":32.65,"deaths_mean":6.0,"deaths_lower":6,"deaths_upper":6,"admis_mean":14.18135,"admis_lower":10.95,"admis_upper":18.05,"newICU_mean":3.66295,"newICU_lower":3.3,"newICU_upper":4.15,"totdea_mean":64.0,"totdea_lower":64,"totdea_upper":64,"bedover_mean":0,"bedover_lower":0,"bedover_upper":0,"icuover_mean":0,"icuover_lower":0,"icuover_upper":0,"deaths":1736.0,"cases":64.0},{"index":"2020-04-17T00:00:00.000Z","Executive Orders ":"The Governor issued an executive order preventing creditors or debt collectors from garnishing federal CARES Act recovery rebate payments.","V1":20782,"location_name":"Oregon","location_id":560,"allbed_mean":100.95075,"allbed_lower":92.0975,"allbed_upper":110.6525,"ICUbed_mean":29.53485,"ICUbed_lower":27.45,"ICUbed_upper":31.65,"InvVen_mean":25.44595,"InvVen_lower":23.75,"InvVen_upper":27.15,"deaths_mean":6.0,"deaths_lower":6,"deaths_upper":6,"admis_mean":0.0,"admis_lower":0.0,"admis_upper":0.0,"newICU_mean":0.6581,"newICU_lower":0.3,"newICU_upper":1.15,"totdea_mean":70.0,"totdea_lower":70,"totdea_upper":70,"bedover_mean":0,"bedover_lower":0,"bedover_upper":0,"icuover_mean":0,"icuover_lower":0,"icuover_upper":0,"deaths":1785.0,"cases":70.0},{"index":"2020-04-18T00:00:00.000Z","Executive Orders ":null,"V1":20783,"location_name":"Oregon","location_id":560,"allbed_mean":97.7488,"allbed_lower":88.54875,"allbed_upper":107.305,"ICUbed_mean":28.2055,"ICUbed_lower":26.19875,"ICUbed_upper":30.25125,"InvVen_mean":24.20845,"InvVen_lower":22.6,"InvVen_upper":25.95125,"deaths_mean":2.0,"deaths_lower":2,"deaths_upper":2,"admis_mean":23.6093,"admis_lower":19.09875,"admis_upper":28.80125,"newICU_mean":5.33585,"newICU_lower":5.05,"newICU_upper":5.7,"totdea_mean":72.0,"totdea_lower":72,"totdea_upper":72,"bedover_mean":0,"bedover_lower":0,"bedover_upper":0,"icuover_mean":0,"icuover_lower":0,"icuover_upper":0,"deaths":1844.0,"cases":72.0},{"index":"2020-04-19T00:00:00.000Z","Executive Orders ":null,"V1":20784,"location_name":"Oregon","location_id":560,"allbed_mean":89.5937,"allbed_lower":80.1975,"allbed_upper":98.505,"ICUbed_mean":28.8795,"ICUbed_lower":26.89875,"ICUbed_upper":30.90125,"InvVen_mean":24.9712,"InvVen_lower":23.35,"InvVen_upper":26.7,"deaths_mean":2.0,"deaths_lower":2,"deaths_upper":2,"admis_mean":14.2875,"admis_lower":10.99875,"admis_upper":18.35,"newICU_mean":3.99145,"newICU_lower":3.55,"newICU_upper":4.6,"totdea_mean":74.0,"totdea_lower":74,"totdea_upper":74,"bedover_mean":0,"bedover_lower":0,"bedover_upper":0,"icuover_mean":0,"icuover_lower":0,"icuover_upper":0,"deaths":1910.0,"cases":74.0},{"index":"2020-04-20T00:00:00.000Z","Executive Orders ":"The Governor announced that the Oregon National Guard will distribute approximately 395,000 pieces of personal protective equipment to all long-term care facilities in the state.","V1":20785,"location_name":"Oregon","location_id":560,"allbed_mean":83.8374,"allbed_lower":75.4925,"allbed_upper":92.7,"ICUbed_mean":24.22645,"ICUbed_lower":22.54875,"ICUbed_upper":26.05125,"InvVen_mean":21.2799,"InvVen_lower":19.89875,"InvVen_upper":22.80125,"deaths_mean":1.0,"deaths_lower":1,"deaths_upper":1,"admis_mean":4.74265,"admis_lower":3.24875,"admis_upper":7.15,"newICU_mean":1.0,"newICU_lower":1.0,"newICU_upper":1.0,"totdea_mean":75.0,"totdea_lower":75,"totdea_upper":75,"bedover_mean":0,"bedover_lower":0,"bedover_upper":0,"icuover_mean":0,"icuover_lower":0,"icuover_upper":0,"deaths":1956.0,"cases":75.0},{"index":"2020-04-21T00:00:00.000Z","Executive Orders ":"The Oregon Department of Revenue issued a directive that expands relief and provides additional relief to certain affected taxpayers and extended the tax filing and payment deadline to July 15th.","V1":20786,"location_name":"Oregon","location_id":560,"allbed_mean":99.75135,"allbed_lower":90.245,"allbed_upper":109.655,"ICUbed_mean":29.8894,"ICUbed_lower":28.14875,"ICUbed_upper":31.85125,"InvVen_mean":26.5012,"InvVen_lower":25.09875,"InvVen_upper":28.05,"deaths_mean":3.0,"deaths_lower":3,"deaths_upper":3,"admis_mean":23.65245,"admis_lower":19.14875,"admis_upper":28.8025,"newICU_mean":6.66295,"newICU_lower":6.05,"newICU_upper":7.4,"totdea_mean":78.0,"totdea_lower":78,"totdea_upper":78,"bedover_mean":0,"bedover_lower":0,"bedover_upper":0,"icuover_mean":0,"icuover_lower":0,"icuover_upper":0,"deaths":2002.0,"cases":78.0},{"index":"2020-04-22T00:00:00.000Z","Executive Orders ":null,"V1":20787,"location_name":"Oregon","location_id":560,"allbed_mean":92.67875,"allbed_lower":83.69625,"allbed_upper":102.10375,"ICUbed_mean":26.57055,"ICUbed_lower":24.8,"ICUbed_upper":28.5,"InvVen_mean":23.2688,"InvVen_lower":21.85,"InvVen_upper":24.85,"deaths_mean":0.0,"deaths_lower":0,"deaths_upper":0,"admis_mean":0.0,"admis_lower":0.0,"admis_upper":0.0,"newICU_mean":1.0029,"newICU_lower":0.54875,"newICU_upper":1.6,"totdea_mean":78.0,"totdea_lower":78,"totdea_upper":78,"bedover_mean":0,"bedover_lower":0,"bedover_upper":0,"icuover_mean":0,"icuover_lower":0,"icuover_upper":0,"deaths":2059.0,"cases":78.0},{"index":"2020-04-23T00:00:00.000Z","Executive Orders ":"The Governor announced a framework to resume non-urgent procedures on May 1. Medical providers will need to demonstrate they can:\nMinimize the risk of coronavirus transmission to patients and healthcare workers;\nMaintain adequate hospital capacity in the event of a surge in COVID-19 cases; and,\nSupport the health care workforce in safely resuming activities.","V1":20788,"location_name":"Oregon","location_id":560,"allbed_mean":114.42485,"allbed_lower":104.19875,"allbed_upper":124.9,"ICUbed_mean":32.59665,"ICUbed_lower":30.84875,"ICUbed_upper":34.5,"InvVen_mean":29.5477,"InvVen_lower":28.19875,"InvVen_upper":31.00125,"deaths_mean":5.0,"deaths_lower":5,"deaths_upper":5,"admis_mean":33.25345,"admis_lower":27.99875,"admis_upper":39.95125,"newICU_mean":7.32965,"newICU_lower":7.1,"newICU_upper":7.7,"totdea_mean":83.0,"totdea_lower":83,"totdea_upper":83,"bedover_mean":0,"bedover_lower":0,"bedover_upper":0,"icuover_mean":0,"icuover_lower":0,"icuover_upper":0,"deaths":2127.0,"cases":83.0},{"index":"2020-04-23T00:00:00.000Z","Executive Orders ":"The Governor launched the next phase of the state\u2019s public awareness campaign to educate Oregonians about COVID-19. The campaign, Safe + Strong, focuses on community-centered outreach in 12 languages to connect people who are most at-risk of experiencing health disparities.","V1":20788,"location_name":"Oregon","location_id":560,"allbed_mean":114.42485,"allbed_lower":104.19875,"allbed_upper":124.9,"ICUbed_mean":32.59665,"ICUbed_lower":30.84875,"ICUbed_upper":34.5,"InvVen_mean":29.5477,"InvVen_lower":28.19875,"InvVen_upper":31.00125,"deaths_mean":5.0,"deaths_lower":5,"deaths_upper":5,"admis_mean":33.25345,"admis_lower":27.99875,"admis_upper":39.95125,"newICU_mean":7.32965,"newICU_lower":7.1,"newICU_upper":7.7,"totdea_mean":83.0,"totdea_lower":83,"totdea_upper":83,"bedover_mean":0,"bedover_lower":0,"bedover_upper":0,"icuover_mean":0,"icuover_lower":0,"icuover_upper":0,"deaths":2127.0,"cases":83.0},{"index":"2020-04-24T00:00:00.000Z","Executive Orders ":null,"V1":20789,"location_name":"Oregon","location_id":560,"allbed_mean":117.32495,"allbed_lower":102.145,"allbed_upper":145.65625,"ICUbed_mean":31.3519,"ICUbed_lower":28.2,"ICUbed_upper":37.7,"InvVen_mean":27.9571,"InvVen_lower":25.14875,"InvVen_upper":34.1,"deaths_mean":3.0,"deaths_lower":3,"deaths_upper":3,"admis_mean":11.55315,"admis_lower":0.0,"admis_upper":40.65625,"newICU_mean":4.08175,"newICU_lower":1.7,"newICU_upper":10.1,"totdea_mean":86.0,"totdea_lower":86,"totdea_upper":86,"bedover_mean":0,"bedover_lower":0,"bedover_upper":0,"icuover_mean":0,"icuover_lower":0,"icuover_upper":0,"deaths":2177.0,"cases":86.0},{"index":"2020-04-25T00:00:00.000Z","Executive Orders ":null,"V1":20790,"location_name":"Oregon","location_id":560,"allbed_mean":108.41015,"allbed_lower":85.54375,"allbed_upper":165.55125,"ICUbed_mean":30.03165,"ICUbed_lower":25.05,"ICUbed_upper":41.3175,"InvVen_mean":26.80595,"InvVen_lower":22.0,"InvVen_upper":38.4025,"deaths_mean":1.0,"deaths_lower":1,"deaths_upper":1,"admis_mean":11.03155,"admis_lower":0.0,"admis_upper":37.4875,"newICU_mean":2.335,"newICU_lower":0.0,"newICU_upper":8.0,"totdea_mean":87.0,"totdea_lower":87,"totdea_upper":87,"bedover_mean":0,"bedover_lower":0,"bedover_upper":0,"icuover_mean":0,"icuover_lower":0,"icuover_upper":0,"deaths":2253.0,"cases":87.0},{"index":"2020-04-26T00:00:00.000Z","Executive Orders ":null,"V1":20791,"location_name":"Oregon","location_id":560,"allbed_mean":106.32305,"allbed_lower":73.645,"allbed_upper":187.59375,"ICUbed_mean":32.5637,"ICUbed_lower":25.49875,"ICUbed_upper":49.80625,"InvVen_mean":28.9989,"InvVen_lower":22.14875,"InvVen_upper":46.2,"deaths_mean":5.0,"deaths_lower":5,"deaths_upper":5,"admis_mean":10.51925,"admis_lower":0.0,"admis_upper":36.80875,"newICU_mean":4.537,"newICU_lower":2.2,"newICU_upper":10.3025,"totdea_mean":92.0,"totdea_lower":92,"totdea_upper":92,"bedover_mean":0,"bedover_lower":0,"bedover_upper":0,"icuover_mean":0,"icuover_lower":0,"icuover_upper":0,"deaths":2311.0,"cases":91.0},{"index":"2020-04-27T00:00:00.000Z","Executive Orders ":null,"V1":20792,"location_name":"Oregon","location_id":560,"allbed_mean":106.6507,"allbed_lower":63.89375,"allbed_upper":215.75,"ICUbed_mean":28.48825,"ICUbed_lower":18.69875,"ICUbed_upper":52.73375,"InvVen_mean":25.2312,"InvVen_lower":15.6975,"InvVen_upper":48.49,"deaths_mean":0.0,"deaths_lower":0,"deaths_upper":0,"admis_mean":10.0442,"admis_lower":0.0,"admis_upper":34.86125,"newICU_mean":2.90105,"newICU_lower":0.0,"newICU_upper":10.2025,"totdea_mean":92.0,"totdea_lower":92,"totdea_upper":92,"bedover_mean":0,"bedover_lower":0,"bedover_upper":0,"icuover_mean":0,"icuover_lower":0,"icuover_upper":0,"deaths":2354.0,"cases":92.0},{"index":"2020-04-28T00:00:00.000Z","Executive Orders ":null,"V1":20793,"location_name":"Oregon","location_id":560,"allbed_mean":98.75735,"allbed_lower":46.39875,"allbed_upper":230.57875,"ICUbed_mean":29.27125,"ICUbed_lower":16.64875,"ICUbed_upper":59.93125,"InvVen_mean":26.3269,"InvVen_lower":14.1,"InvVen_upper":56.04,"deaths_mean":7.0,"deaths_lower":7,"deaths_upper":7,"admis_mean":9.44685,"admis_lower":0.0,"admis_upper":34.15875,"newICU_mean":2.7726,"newICU_lower":0.0,"newICU_upper":10.0,"totdea_mean":99.0,"totdea_lower":99,"totdea_upper":99,"bedover_mean":0,"bedover_lower":0,"bedover_upper":0,"icuover_mean":0,"icuover_lower":0,"icuover_upper":0,"deaths":2385.0,"cases":99.0},{"index":"2020-04-29T00:00:00.000Z","Executive Orders ":null,"V1":20794,"location_name":"Oregon","location_id":560,"allbed_mean":99.9559,"allbed_lower":38.69875,"allbed_upper":255.82375,"ICUbed_mean":24.22145,"ICUbed_lower":9.0475,"ICUbed_upper":61.79625,"InvVen_mean":21.26595,"InvVen_lower":6.7,"InvVen_upper":57.7875,"deaths_mean":2.443,"deaths_lower":0,"deaths_upper":8,"admis_mean":8.8538,"admis_lower":0.0,"admis_upper":34.5025,"newICU_mean":2.61315,"newICU_lower":0.0,"newICU_upper":9.55875,"totdea_mean":101.443,"totdea_lower":99,"totdea_upper":107,"bedover_mean":0,"bedover_lower":0,"bedover_upper":0,"icuover_mean":0,"icuover_lower":0,"icuover_upper":0,"deaths":2446.0,"cases":101.0},{"index":"2020-04-30T00:00:00.000Z","Executive Orders ":null,"V1":20795,"location_name":"Oregon","location_id":560,"allbed_mean":80.8212,"allbed_lower":13.6475,"allbed_upper":252.12125,"ICUbed_mean":23.5769,"ICUbed_lower":8.25,"ICUbed_upper":61.9025,"InvVen_mean":20.60455,"InvVen_lower":6.15,"InvVen_upper":57.2025,"deaths_mean":2.335,"deaths_lower":0,"deaths_upper":8,"admis_mean":8.2457,"admis_lower":0.0,"admis_upper":32.255,"newICU_mean":2.45655,"newICU_lower":0.0,"newICU_upper":9.1525,"totdea_mean":103.778,"totdea_lower":99,"totdea_upper":115,"bedover_mean":0,"bedover_lower":0,"bedover_upper":0,"icuover_mean":0,"icuover_lower":0,"icuover_upper":0,"deaths":null,"cases":null}]}